step,time,channel,effective_output,inst_dominance,smooth_dominance,winner,delta
1,1770939742.507687,D1,0.453722421,0.421903251,0.005625377,D2,0.002082580
1,1770939742.507687,D2,0.621695748,0.578096749,0.007707957,D2,0.002082580
2,1770939742.539830,D1,0.454321860,0.422049213,0.011177694,D2,0.004133500
2,1770939742.539830,D2,0.622144690,0.577950787,0.015311194,D2,0.004133500
3,1770939742.574139,D1,0.454706424,0.421991317,0.016655209,D2,0.006158618
3,1770939742.574139,D2,0.622819123,0.578008683,0.022813828,D2,0.006158618
4,1770939742.610582,D1,0.455163296,0.422016992,0.022060033,D2,0.008156050
4,1770939742.610582,D2,0.623379285,0.577983008,0.030216083,D2,0.008156050
5,1770939742.644085,D1,0.455559342,0.421946866,0.027391858,D2,0.010128720
5,1770939742.644085,D2,0.624101105,0.578053134,0.037520577,D2,0.010128720
6,1770939742.672890,D1,0.455837411,0.421796636,0.032650588,D2,0.012079093
6,1770939742.672890,D2,0.624866825,0.578203364,0.044729681,D2,0.012079093
7,1770939742.701980,D1,0.456035247,0.421656621,0.037837335,D2,0.014007195
7,1770939742.701980,D2,0.625497034,0.578343379,0.051844530,D2,0.014007195
8,1770939742.731431,D1,0.456497486,0.421757604,0.042956272,D2,0.015906897
8,1770939742.731431,D2,0.625871822,0.578242396,0.058863169,D2,0.015906897
9,1770939742.761163,D1,0.457195966,0.421964943,0.048009721,D2,0.017775740
9,1770939742.761163,D2,0.626296806,0.578035057,0.065785461,D2,0.017775740
10,1770939742.794497,D1,0.457484201,0.421889702,0.052994787,D2,0.019621671
10,1770939742.794497,D2,0.626885006,0.578110298,0.072616458,D2,0.019621671
11,1770939742.829553,D1,0.457753837,0.421783768,0.057911974,D2,0.021445815
11,1770939742.829553,D2,0.627526990,0.578216232,0.079357789,D2,0.021445815
12,1770939742.872139,D1,0.458155479,0.421731715,0.062762904,D2,0.023247025
12,1770939742.872139,D2,0.628211667,0.578268285,0.086009929,D2,0.023247025
13,1770939742.901188,D1,0.458514625,0.421596639,0.067547354,D2,0.025027821
13,1770939742.901188,D2,0.629052454,0.578403361,0.092575174,D2,0.025027821
14,1770939742.930475,D1,0.458811719,0.421587369,0.072267887,D2,0.026785120
14,1770939742.930475,D2,0.629483976,0.578412631,0.099053007,D2,0.026785120
15,1770939742.960542,D1,0.459233203,0.421646247,0.076926265,D2,0.028517419
15,1770939742.960542,D2,0.629910139,0.578353753,0.105443684,D2,0.028517419
16,1770939742.994215,D1,0.459508309,0.421547281,0.081521212,D2,0.030229259
16,1770939742.994215,D2,0.630543341,0.578452719,0.111750471,D2,0.030229259
17,1770939743.028880,D1,0.459946331,0.421567236,0.086055159,D2,0.031917742
17,1770939743.028880,D2,0.631092754,0.578432764,0.117972901,D2,0.031917742
18,1770939743.064846,D1,0.460127397,0.421449335,0.090527081,D2,0.033586857
18,1770939743.064846,D2,0.631646534,0.578550665,0.124113938,D2,0.033586857
19,1770939743.100890,D1,0.460493142,0.421474624,0.094939715,D2,0.035233042
19,1770939743.100890,D2,0.632083057,0.578525376,0.130172757,D2,0.035233042
20,1770939743.136752,D1,0.460748247,0.421454433,0.099293245,D2,0.036857817
20,1770939743.136752,D2,0.632485590,0.578545567,0.136151062,D2,0.036857817
21,1770939743.178580,D1,0.460934050,0.421284322,0.103586459,D2,0.038465464
21,1770939743.178580,D2,0.633182265,0.578715678,0.142051923,D2,0.038465464
22,1770939743.207520,D1,0.461185958,0.421142528,0.107820540,D2,0.040055457
22,1770939743.207520,D2,0.633896887,0.578857472,0.147875997,D2,0.040055457
23,1770939743.238654,D1,0.461560898,0.421125596,0.111997941,D2,0.041624702
23,1770939743.238654,D2,0.634456304,0.578874404,0.153622643,D2,0.041624702
24,1770939743.269675,D1,0.461695557,0.421013855,0.116118153,D2,0.043176003
24,1770939743.269675,D2,0.634932383,0.578986145,0.159294156,D2,0.043176003
25,1770939743.299394,D1,0.462154019,0.421046156,0.120183860,D2,0.044705759
25,1770939743.299394,D2,0.635478657,0.578953844,0.164889618,D2,0.044705759
26,1770939743.327810,D1,0.462315049,0.421003096,0.124194783,D2,0.046216266
26,1770939743.327810,D2,0.635812383,0.578996904,0.170411049,D2,0.046216266
27,1770939743.356381,D1,0.462623977,0.421055949,0.128152932,D2,0.047705224
27,1770939743.356381,D2,0.636099311,0.578944051,0.175858156,D2,0.047705224
28,1770939743.385855,D1,0.463055898,0.421044364,0.132058151,D2,0.049174638
28,1770939743.385855,D2,0.636723454,0.578955636,0.181232789,D2,0.049174638
29,1770939743.414676,D1,0.463321438,0.421024355,0.135911034,D2,0.050624993
29,1770939743.414676,D2,0.637140882,0.578975645,0.186536027,D2,0.050624993
30,1770939743.443532,D1,0.463446937,0.420909962,0.139711019,D2,0.052059061
30,1770939743.443532,D2,0.637612621,0.579090038,0.191770080,D2,0.052059061
31,1770939743.481782,D1,0.463798690,0.420993027,0.143461446,D2,0.053471793
31,1770939743.481782,D2,0.637879154,0.579006973,0.196933239,D2,0.053471793
32,1770939743.512970,D1,0.464237322,0.421039065,0.147162481,D2,0.054864460
32,1770939743.512970,D2,0.638361844,0.578960935,0.202026941,D2,0.054864460
33,1770939743.547666,D1,0.464711877,0.421066449,0.150814534,D2,0.056237829
33,1770939743.547666,D2,0.638942614,0.578933551,0.207052363,D2,0.056237829
34,1770939743.585973,D1,0.465026156,0.421066996,0.154417900,D2,0.057592871
34,1770939743.585973,D2,0.639373286,0.578933004,0.212010771,D2,0.057592871
35,1770939743.622763,D1,0.465257546,0.421069785,0.157973259,D2,0.058929772
35,1770939743.622763,D2,0.639684111,0.578930215,0.216903031,D2,0.058929772
36,1770939743.657732,D1,0.465471049,0.420918039,0.161479189,D2,0.060252894
36,1770939743.657732,D2,0.640376185,0.579081961,0.221732083,D2,0.060252894
37,1770939743.686864,D1,0.466084943,0.421148428,0.164941446,D2,0.061552231
37,1770939743.686864,D2,0.640615003,0.578851572,0.226493676,D2,0.061552231
38,1770939743.715620,D1,0.466455805,0.421122349,0.168357191,D2,0.062834938
38,1770939743.715620,D2,0.641193330,0.578877651,0.231192129,D2,0.062834938
39,1770939743.745085,D1,0.466701259,0.421101037,0.171727109,D2,0.064101112
39,1770939743.745085,D2,0.641586818,0.578898963,0.235828220,D2,0.064101112
40,1770939743.781286,D1,0.467012070,0.420996301,0.175050698,D2,0.065353195
40,1770939743.781286,D2,0.642290004,0.579003699,0.240403893,D2,0.065353195
41,1770939743.824564,D1,0.467194121,0.420946416,0.178329308,D2,0.066589915
41,1770939743.824564,D2,0.642671894,0.579053584,0.244919223,D2,0.066589915
42,1770939743.854882,D1,0.467691621,0.420966820,0.181564474,D2,0.067809601
42,1770939743.854882,D2,0.643302401,0.579033180,0.249374075,D2,0.067809601
43,1770939743.896305,D1,0.468094664,0.421035700,0.184757424,D2,0.069011188
43,1770939743.896305,D2,0.643674871,0.578964300,0.253768612,D2,0.069011188
44,1770939743.932342,D1,0.468356633,0.420952995,0.187906698,D2,0.070198959
44,1770939743.932342,D2,0.644253654,0.579047005,0.258105657,D2,0.070198959
45,1770939743.964285,D1,0.468660054,0.420900842,0.191013287,D2,0.071372283
45,1770939743.964285,D2,0.644808980,0.579099158,0.262385570,D2,0.071372283
46,1770939743.994858,D1,0.468834929,0.420840530,0.194077650,D2,0.072531572
46,1770939743.994858,D2,0.645209218,0.579159470,0.266609222,D2,0.072531572
47,1770939744.025362,D1,0.469158221,0.420749664,0.197099944,D2,0.073677827
47,1770939744.025362,D2,0.645894889,0.579250336,0.270777770,D2,0.073677827
48,1770939744.055788,D1,0.469387661,0.420723187,0.200081587,D2,0.074809504
48,1770939744.055788,D2,0.646280966,0.579276813,0.274891091,D2,0.074809504
49,1770939744.088746,D1,0.469773325,0.420687618,0.203023001,D2,0.075927041
49,1770939744.088746,D2,0.646906378,0.579312382,0.278950042,D2,0.075927041
50,1770939744.124778,D1,0.470189436,0.420610966,0.205924174,D2,0.077031721
50,1770939744.124778,D2,0.647683073,0.579389034,0.282955895,D2,0.077031721
51,1770939744.169792,D1,0.470509270,0.420604351,0.208786576,D2,0.078121849
51,1770939744.169792,D2,0.648141237,0.579395649,0.286908425,D2,0.078121849
52,1770939744.206931,D1,0.470865667,0.420609996,0.211610888,D2,0.079197291
52,1770939744.206931,D2,0.648617160,0.579390004,0.290808179,D2,0.079197291
53,1770939744.242541,D1,0.471355056,0.420679106,0.214398464,D2,0.080256551
53,1770939744.242541,D2,0.649107189,0.579320894,0.294655015,D2,0.080256551
54,1770939744.278891,D1,0.471670507,0.420561826,0.217147309,D2,0.081304815
54,1770939744.278891,D2,0.649854267,0.579438174,0.298452124,D2,0.081304815
55,1770939744.315935,D1,0.472140942,0.420657874,0.219860784,D2,0.082336541
55,1770939744.315935,D2,0.650246088,0.579342126,0.302197324,D2,0.082336541
56,1770939744.352910,D1,0.472801127,0.420766271,0.222539523,D2,0.083351620
56,1770939744.352910,D2,0.650865762,0.579233729,0.305891143,D2,0.083351620
57,1770939744.388558,D1,0.473315931,0.420918692,0.225184579,D2,0.084349100
57,1770939744.388558,D2,0.651167109,0.579081308,0.309533679,D2,0.084349100
58,1770939744.424621,D1,0.473755883,0.420953281,0.227794828,D2,0.085332357
58,1770939744.424621,D2,0.651679893,0.579046719,0.313127186,D2,0.085332357
59,1770939744.459962,D1,0.473965375,0.420829380,0.230368622,D2,0.086305809
59,1770939744.459962,D2,0.652299562,0.579170620,0.316674432,D2,0.086305809
60,1770939744.497098,D1,0.474251022,0.420744778,0.232906971,D2,0.087268538
60,1770939744.497098,D2,0.652919288,0.579255222,0.320175509,D2,0.087268538
61,1770939744.538004,D1,0.474545701,0.420698565,0.235410859,D2,0.088219662
61,1770939744.538004,D2,0.653448878,0.579301435,0.323630521,D2,0.088219662
62,1770939744.568110,D1,0.474976347,0.420800885,0.237882726,D2,0.089155376
62,1770939744.568110,D2,0.653767350,0.579199115,0.327038102,D2,0.089155376
63,1770939744.596839,D1,0.475058226,0.420569421,0.240318549,D2,0.090084787
63,1770939744.596839,D2,0.654501370,0.579430579,0.330403335,D2,0.090084787
64,1770939744.631319,D1,0.475472017,0.420610346,0.242722439,D2,0.091000714
64,1770939744.631319,D2,0.654961462,0.579389654,0.333723153,D2,0.091000714
65,1770939744.667302,D1,0.475872264,0.420593327,0.245094051,D2,0.091904882
65,1770939744.667302,D2,0.655558583,0.579406673,0.336998933,D2,0.091904882
66,1770939744.703029,D1,0.476316959,0.420621126,0.247434412,D2,0.092796254
66,1770939744.703029,D2,0.656096345,0.579378874,0.340230666,D2,0.092796254
67,1770939744.738916,D1,0.476443476,0.420542565,0.249742521,D2,0.093677835
67,1770939744.738916,D2,0.656482216,0.579457435,0.343420356,D2,0.093677835
68,1770939744.774382,D1,0.476786435,0.420521796,0.252019578,D2,0.094548216
68,1770939744.774382,D2,0.657010765,0.579478204,0.346567794,D2,0.094548216
69,1770939744.809899,D1,0.477153425,0.420563018,0.254266824,D2,0.095405893
69,1770939744.809899,D2,0.657405261,0.579436982,0.349672716,D2,0.095405893
70,1770939744.846037,D1,0.477568822,0.420525370,0.256483604,D2,0.096253138
70,1770939744.846037,D2,0.658079242,0.579474630,0.352736742,D2,0.096253138
71,1770939744.886625,D1,0.477734618,0.420383255,0.258668933,D2,0.097092876
71,1770939744.886625,D2,0.658691756,0.579616745,0.355761809,D2,0.097092876
72,1770939744.916411,D1,0.478121572,0.420257897,0.260823452,D2,0.097924760
72,1770939744.916411,D2,0.659564539,0.579742103,0.358748213,D2,0.097924760
73,1770939744.946066,D1,0.478488396,0.420293624,0.262949721,D2,0.098744600
73,1770939744.946066,D2,0.659973785,0.579706376,0.361694321,D2,0.098744600
74,1770939744.981431,D1,0.478771156,0.420231189,0.265046808,D2,0.099555174
74,1770939744.981431,D2,0.660533038,0.579768811,0.364601981,D2,0.099555174
75,1770939745.016888,D1,0.479134756,0.420196523,0.267115471,D2,0.100355864
75,1770939745.016888,D2,0.661128738,0.579803477,0.367471335,D2,0.100355864
76,1770939745.053383,D1,0.479681825,0.420346503,0.269158551,D2,0.101141879
76,1770939745.053383,D2,0.661476296,0.579653497,0.370300430,D2,0.101141879
77,1770939745.089359,D1,0.479990489,0.420221688,0.271172726,D2,0.101920742
77,1770939745.089359,D2,0.662241105,0.579778312,0.373093469,D2,0.101920742
78,1770939745.122144,D1,0.480322451,0.420226770,0.273160113,D2,0.102689085
78,1770939745.122144,D2,0.662685289,0.579773230,0.375849199,D2,0.102689085
79,1770939745.152774,D1,0.480464316,0.420120047,0.275119579,D2,0.103450030
79,1770939745.152774,D2,0.663171461,0.579879953,0.378569609,D2,0.103450030
80,1770939745.188438,D1,0.480678498,0.420056587,0.277052073,D2,0.104202520
80,1770939745.188438,D2,0.663639940,0.579943413,0.381254593,D2,0.104202520
81,1770939745.232353,D1,0.480773321,0.419864234,0.278956235,D2,0.104950107
81,1770939745.232353,D2,0.664295208,0.580135766,0.383906342,D2,0.104950107
82,1770939745.269265,D1,0.481129417,0.419845051,0.280834752,D2,0.105688238
82,1770939745.269265,D2,0.664839593,0.580154949,0.386522990,D2,0.105688238
83,1770939745.305610,D1,0.481467931,0.419776370,0.282687307,D2,0.106418358
83,1770939745.305610,D2,0.665494989,0.580223630,0.389105665,D2,0.106418358
84,1770939745.338956,D1,0.481912631,0.419856598,0.284516231,D2,0.107136604
84,1770939745.338956,D2,0.665890294,0.580143402,0.391652835,D2,0.107136604
85,1770939745.368364,D1,0.482196677,0.419841471,0.286320568,D2,0.107845677
85,1770939745.368364,D2,0.666324158,0.580158529,0.394166244,D2,0.107845677
86,1770939745.403852,D1,0.482643200,0.420009919,0.288103092,D2,0.108540803
86,1770939745.403852,D2,0.666480138,0.579990081,0.396643895,D2,0.108540803
87,1770939745.440257,D1,0.482953142,0.420001475,0.289861737,D2,0.109226886
87,1770939745.440257,D2,0.666931254,0.579998525,0.399088624,D2,0.109226886
88,1770939745.476859,D1,0.483220166,0.419995080,0.291596849,D2,0.109903992
88,1770939745.476859,D2,0.667317517,0.580004920,0.401500841,D2,0.109903992
89,1770939745.510032,D1,0.483465931,0.420015225,0.293309094,D2,0.110571533
89,1770939745.510032,D2,0.667601700,0.579984775,0.403880627,D2,0.110571533
90,1770939745.539253,D1,0.483793924,0.420096168,0.294999588,D2,0.111228015
90,1770939745.539253,D2,0.667832682,0.579903832,0.406227603,D2,0.111228015
91,1770939745.579784,D1,0.484106057,0.420019301,0.296666517,D2,0.111877793
91,1770939745.579784,D2,0.668474446,0.579980699,0.408544311,D2,0.111877793
92,1770939745.615106,D1,0.484266501,0.419978359,0.298310675,D2,0.112520000
92,1770939745.615106,D2,0.668808391,0.580021641,0.410830675,D2,0.112520000
93,1770939745.651434,D1,0.484660537,0.419993511,0.299933113,D2,0.113153240
93,1770939745.651434,D2,0.669310951,0.580006489,0.413086353,D2,0.113153240
94,1770939745.687332,D1,0.484884668,0.419862073,0.301532166,D2,0.113781541
94,1770939745.687332,D2,0.669981893,0.580137927,0.415313707,D2,0.113781541
95,1770939745.722775,D1,0.485119537,0.419805014,0.303109137,D2,0.114402987
95,1770939745.722775,D2,0.670463463,0.580194986,0.417512124,D2,0.114402987
96,1770939745.757896,D1,0.485548253,0.419833608,0.304665464,D2,0.115015384
96,1770939745.757896,D2,0.670977200,0.580166392,0.419680848,D2,0.115015384
97,1770939745.793366,D1,0.485813710,0.419759196,0.306200047,D2,0.115621600
97,1770939745.793366,D2,0.671549164,0.580240804,0.421821647,D2,0.115621600
98,1770939745.829035,D1,0.486174785,0.419821242,0.307714996,D2,0.116218079
98,1770939745.829035,D2,0.671877110,0.580178758,0.423933075,D2,0.116218079
99,1770939745.864699,D1,0.486402918,0.419821600,0.309209751,D2,0.116806596
99,1770939745.864699,D2,0.672191396,0.580178400,0.426016346,D2,0.116806596
100,1770939745.900352,D1,0.486618706,0.419724587,0.310683282,D2,0.117389852
100,1770939745.900352,D2,0.672757516,0.580275413,0.428073134,D2,0.117389852
101,1770939745.941674,D1,0.487005231,0.419840441,0.312138711,D2,0.117962242
101,1770939745.941674,D2,0.672971712,0.580159559,0.430100953,D2,0.117962242
102,1770939745.970124,D1,0.487238228,0.419792172,0.313574090,D2,0.118528288
102,1770939745.970124,D2,0.673427121,0.580207828,0.432102378,D2,0.118528288
103,1770939745.999145,D1,0.487549817,0.419756954,0.314989862,D2,0.119087725
103,1770939745.999145,D2,0.673955221,0.580243046,0.434077587,D2,0.119087725
104,1770939746.027643,D1,0.487885153,0.419737437,0.316386496,D2,0.119640224
104,1770939746.027643,D2,0.674472811,0.580262563,0.436026720,D2,0.119640224
105,1770939746.057781,D1,0.488366089,0.419783004,0.317765116,D2,0.120184141
105,1770939746.057781,D2,0.675011382,0.580216996,0.437949257,D2,0.120184141
106,1770939746.092632,D1,0.488606846,0.419654328,0.319123639,D2,0.120724237
106,1770939746.092632,D2,0.675701045,0.580345672,0.439847876,D2,0.120724237
107,1770939746.130029,D1,0.488819717,0.419612609,0.320463492,D2,0.121258244
107,1770939746.130029,D2,0.676111237,0.580387391,0.441721736,D2,0.121258244
108,1770939746.165411,D1,0.489222686,0.419616176,0.321785528,D2,0.121785036
108,1770939746.165411,D2,0.676658693,0.580383824,0.443570564,D2,0.121785036
109,1770939746.201361,D1,0.489542304,0.419627436,0.323090086,D2,0.122304504
109,1770939746.201361,D2,0.677069461,0.580372564,0.445394590,D2,0.122304504
110,1770939746.237859,D1,0.489866944,0.419588527,0.324376732,D2,0.122818083
110,1770939746.237859,D2,0.677626713,0.580411473,0.447194815,D2,0.122818083
111,1770939746.278421,D1,0.490124862,0.419587474,0.325646209,D2,0.123324843
111,1770939746.278421,D2,0.677986419,0.580412526,0.448971052,D2,0.123324843
112,1770939746.308179,D1,0.490429546,0.419560727,0.326898402,D2,0.123825559
112,1770939746.308179,D2,0.678482400,0.580439273,0.450723961,D2,0.123825559
113,1770939746.336579,D1,0.490772696,0.419438888,0.328132275,D2,0.124322848
113,1770939746.336579,D2,0.679296915,0.580561112,0.452455123,D2,0.124322848
114,1770939746.365063,D1,0.491012286,0.419361342,0.329348663,D2,0.124815574
114,1770939746.365063,D2,0.679845008,0.580638658,0.454164237,D2,0.124815574
115,1770939746.393720,D1,0.491357862,0.419342551,0.330548582,D2,0.125302232
115,1770939746.393720,D2,0.680375987,0.580657449,0.455850813,D2,0.125302232
116,1770939746.422512,D1,0.491536328,0.419297921,0.331731906,D2,0.125783591
116,1770939746.422512,D2,0.680747872,0.580702079,0.457515497,D2,0.125783591
117,1770939746.451298,D1,0.492002898,0.419383668,0.332900596,D2,0.126256245
117,1770939746.451298,D2,0.681154132,0.580616332,0.459156841,D2,0.126256245
118,1770939746.480797,D1,0.492345743,0.419408053,0.334054029,D2,0.126721947
118,1770939746.480797,D2,0.681560527,0.580591947,0.460775976,D2,0.126721947
119,1770939746.510084,D1,0.492635499,0.419397947,0.335191948,D2,0.127181709
119,1770939746.510084,D2,0.681989942,0.580602053,0.462373657,D2,0.127181709
120,1770939746.539559,D1,0.492949271,0.419326240,0.336313738,D2,0.127637253
120,1770939746.539559,D2,0.682625316,0.580673760,0.463950992,D2,0.127637253
121,1770939746.577897,D1,0.493286555,0.419276352,0.337419907,D2,0.128088054
121,1770939746.577897,D2,0.683232351,0.580723648,0.465507960,D2,0.128088054
122,1770939746.608268,D1,0.493709184,0.419268033,0.338511215,D2,0.128533065
122,1770939746.608268,D2,0.683841084,0.580731967,0.467044280,D2,0.128533065
123,1770939746.638566,D1,0.494001138,0.419255114,0.339587800,D2,0.128972488
123,1770939746.638566,D2,0.684281777,0.580744886,0.468560289,D2,0.128972488
124,1770939746.668367,D1,0.494298546,0.419260836,0.340650107,D2,0.129405899
124,1770939746.668367,D2,0.684677652,0.580739164,0.470056007,D2,0.129405899
125,1770939746.697608,D1,0.494584201,0.419279399,0.341698498,D2,0.129833037
125,1770939746.697608,D2,0.685021098,0.580720601,0.471531535,D2,0.129833037
126,1770939746.726947,D1,0.495076629,0.419364392,0.342734043,D2,0.130252213
126,1770939746.726947,D2,0.685463823,0.580635608,0.472986256,D2,0.130252213
127,1770939746.755890,D1,0.495342625,0.419337829,0.343755427,D2,0.130666508
127,1770939746.755890,D2,0.685906932,0.580662171,0.474421935,D2,0.130666508
128,1770939746.785632,D1,0.495739225,0.419415564,0.344764229,D2,0.131073206
128,1770939746.785632,D2,0.686237001,0.580584436,0.475837435,D2,0.131073206
129,1770939746.814189,D1,0.496025684,0.419419083,0.345759627,D2,0.131474387
129,1770939746.814189,D2,0.686623612,0.580580917,0.477234014,D2,0.131474387
130,1770939746.843584,D1,0.496074372,0.419200581,0.346738840,D2,0.131876047
130,1770939746.843584,D2,0.687307508,0.580799419,0.478614886,D2,0.131876047
131,1770939746.881324,D1,0.496429157,0.419109681,0.347703784,D2,0.132274775
131,1770939746.881324,D2,0.688055908,0.580890319,0.479978559,D2,0.132274775
132,1770939746.911118,D1,0.496616837,0.418982786,0.348654171,D2,0.132671570
132,1770939746.911118,D2,0.688674906,0.581017214,0.481325741,D2,0.132671570
133,1770939746.939824,D1,0.497171789,0.419078136,0.349593157,D2,0.133060532
133,1770939746.939824,D2,0.689174494,0.580921864,0.482653689,D2,0.133060532
134,1770939746.969193,D1,0.497563702,0.419144986,0.350520515,D2,0.133442525
134,1770939746.969193,D2,0.689528400,0.580855014,0.483963040,D2,0.133442525
135,1770939746.998928,D1,0.497705423,0.419065034,0.351434442,D2,0.133821558
135,1770939746.998928,D2,0.689951343,0.580934966,0.485255999,D2,0.133821558
136,1770939747.028069,D1,0.498018411,0.418992679,0.352335218,D2,0.134197465
136,1770939747.028069,D2,0.690590450,0.581007321,0.486532684,D2,0.134197465
137,1770939747.057530,D1,0.498268009,0.419002276,0.353224112,D2,0.134568105
137,1770939747.057530,D2,0.690909324,0.580997724,0.487792217,D2,0.134568105
138,1770939747.087096,D1,0.498718240,0.419076637,0.354102146,D2,0.134931820
138,1770939747.087096,D2,0.691322424,0.580923363,0.489033966,D2,0.134931820
139,1770939747.117605,D1,0.498875141,0.419040674,0.354967993,D2,0.135291644
139,1770939747.117605,D2,0.691642084,0.580959326,0.490259638,D2,0.135291644
140,1770939747.147073,D1,0.499214772,0.419046609,0.355822375,D2,0.135646513
140,1770939747.147073,D2,0.692096079,0.580953391,0.491468888,D2,0.135646513
141,1770939747.185167,D1,0.499626313,0.419096019,0.356666023,D2,0.135995332
141,1770939747.185167,D2,0.692526058,0.580903981,0.492661356,D2,0.135995332
142,1770939747.215626,D1,0.499922017,0.419026874,0.357497501,D2,0.136341345
142,1770939747.215626,D2,0.693132769,0.580973126,0.493838846,D2,0.136341345
143,1770939747.244983,D1,0.500241008,0.418971820,0.358317159,D2,0.136684211
143,1770939747.244983,D2,0.693731913,0.581028180,0.495001370,D2,0.136684211
144,1770939747.274162,D1,0.500557467,0.418970528,0.359125870,D2,0.137022541
144,1770939747.274162,D2,0.694174461,0.581029472,0.496148412,D2,0.137022541
145,1770939747.303589,D1,0.500995985,0.419025358,0.359924530,D2,0.137354898
145,1770939747.303589,D2,0.694626132,0.580974642,0.497279428,D2,0.137354898
146,1770939747.332986,D1,0.501298010,0.418987242,0.360712033,D2,0.137683839
146,1770939747.332986,D2,0.695153719,0.581012758,0.498395872,D2,0.137683839
147,1770939747.362568,D1,0.501651987,0.418896728,0.361487829,D2,0.138010809
147,1770939747.362568,D2,0.695903291,0.581103272,0.499498638,D2,0.138010809
148,1770939747.391888,D1,0.502140908,0.418987154,0.362254487,D2,0.138331007
148,1770939747.391888,D2,0.696322823,0.581012846,0.500585494,D2,0.138331007
149,1770939747.422512,D1,0.502247085,0.418859859,0.363009225,D2,0.138650331
149,1770939747.422512,D2,0.696834360,0.581140141,0.501659556,D2,0.138650331
150,1770939747.452399,D1,0.502560565,0.418806993,0.363753195,D2,0.138966807
150,1770939747.452399,D2,0.697420748,0.581193007,0.502720002,D2,0.138966807
151,1770939747.491798,D1,0.502907788,0.418841505,0.364487706,D2,0.139278142
151,1770939747.491798,D2,0.697803656,0.581158495,0.503765848,D2,0.139278142
152,1770939747.523598,D1,0.503317580,0.418883801,0.365212987,D2,0.139584199
152,1770939747.523598,D2,0.698250920,0.581116199,0.504797186,D2,0.139584199
153,1770939747.554077,D1,0.503756792,0.418918354,0.365929059,D2,0.139885254
153,1770939747.554077,D2,0.698761041,0.581081646,0.505814313,D2,0.139885254
154,1770939747.585331,D1,0.504222888,0.419008985,0.366636791,D2,0.140179877
154,1770939747.585331,D2,0.699147220,0.580991015,0.506816669,D2,0.140179877
155,1770939747.615606,D1,0.504445712,0.418920719,0.367333910,D2,0.140472927
155,1770939747.615606,D2,0.699709847,0.581079281,0.507806837,D2,0.140472927
156,1770939747.646150,D1,0.504700699,0.418782481,0.368019891,D2,0.140765755
156,1770939747.646150,D2,0.700461222,0.581217519,0.508785646,D2,0.140765755
157,1770939747.677044,D1,0.505247706,0.418904902,0.368698358,D2,0.141051414
157,1770939747.677044,D2,0.700867820,0.581095098,0.509749772,D2,0.141051414
158,1770939747.707648,D1,0.505759056,0.418990607,0.369368921,D2,0.141330979
158,1770939747.707648,D2,0.701330192,0.581009393,0.510699900,D2,0.141330979
159,1770939747.736665,D1,0.506139741,0.419017896,0.370030908,D2,0.141606089
159,1770939747.736665,D2,0.701779409,0.580982104,0.511636996,D2,0.141606089
160,1770939747.766483,D1,0.506550365,0.419064586,0.370684690,D2,0.141876285
160,1770939747.766483,D2,0.702214063,0.580935414,0.512560975,D2,0.141876285
161,1770939747.805312,D1,0.506819337,0.419016997,0.371329121,D2,0.142144148
161,1770939747.805312,D2,0.702724289,0.580983003,0.513473269,D2,0.142144148
162,1770939747.835514,D1,0.507072271,0.418999184,0.371964722,D2,0.142408915
162,1770939747.835514,D2,0.703126437,0.581000816,0.514373636,D2,0.142408915
163,1770939747.865666,D1,0.507311910,0.419095648,0.372593134,D2,0.142667578
163,1770939747.865666,D2,0.703180045,0.580904352,0.515260712,D2,0.142667578
164,1770939747.896041,D1,0.507771036,0.419114326,0.373213416,D2,0.142922295
164,1770939747.896041,D2,0.703762438,0.580885674,0.516135712,D2,0.142922295
165,1770939747.926881,D1,0.507916637,0.418942693,0.373823140,D2,0.143178193
165,1770939747.926881,D2,0.704460725,0.581057307,0.517001333,D2,0.143178193
166,1770939747.960484,D1,0.508378465,0.418994282,0.374425422,D2,0.143429303
166,1770939747.960484,D2,0.704951853,0.581005718,0.517854725,D2,0.143429303
167,1770939747.994009,D1,0.508665557,0.418966995,0.375019310,D2,0.143677792
167,1770939747.994009,D2,0.705429021,0.581033005,0.518697102,D2,0.143677792
168,1770939748.024490,D1,0.509029962,0.418943490,0.375604965,D2,0.143923595
168,1770939748.024490,D2,0.706002552,0.581056510,0.519528561,D2,0.143923595
169,1770939748.061776,D1,0.509290665,0.418830562,0.376181307,D2,0.144169132
169,1770939748.061776,D2,0.706691910,0.581169438,0.520350439,D2,0.144169132
170,1770939748.097389,D1,0.509728448,0.418899021,0.376750876,D2,0.144409570
170,1770939748.097389,D2,0.707100483,0.581100979,0.521160446,D2,0.144409570
171,1770939748.139735,D1,0.510089464,0.418913991,0.377313051,D2,0.144646403
171,1770939748.139735,D2,0.707557774,0.581086009,0.521959454,D2,0.144646403
172,1770939748.177682,D1,0.510417044,0.418969467,0.377868470,D2,0.144878598
172,1770939748.177682,D2,0.707850834,0.581030533,0.522747068,D2,0.144878598
173,1770939748.212121,D1,0.511022630,0.419068235,0.378417800,D2,0.145105064
173,1770939748.212121,D2,0.708403200,0.580931765,0.523522864,D2,0.145105064
174,1770939748.242408,D1,0.511305542,0.419070173,0.378959832,D2,0.145328459
174,1770939748.242408,D2,0.708789744,0.580929827,0.524288290,D2,0.145328459
175,1770939748.271841,D1,0.511623820,0.419016269,0.379493918,D2,0.145550312
175,1770939748.271841,D2,0.709388007,0.580983731,0.525044230,D2,0.145550312
176,1770939748.301209,D1,0.511841401,0.418913903,0.380019517,D2,0.145771937
176,1770939748.301209,D2,0.709988187,0.581086097,0.525791454,D2,0.145771937
177,1770939748.330926,D1,0.512244359,0.418887023,0.380537751,D2,0.145991324
177,1770939748.330926,D2,0.710625605,0.581112977,0.526529075,D2,0.145991324
178,1770939748.365532,D1,0.512627683,0.418944738,0.381049844,D2,0.146206247
178,1770939748.365532,D2,0.710988791,0.581055262,0.527256091,D2,0.146206247
179,1770939748.402019,D1,0.512844096,0.418900284,0.381554517,D2,0.146419489
179,1770939748.402019,D2,0.711418852,0.581099716,0.527974006,D2,0.146419489
180,1770939748.430948,D1,0.513174184,0.418796683,0.382051079,D2,0.146632651
180,1770939748.430948,D2,0.712179801,0.581203317,0.528683730,D2,0.146632651
181,1770939748.469580,D1,0.513603494,0.418760329,0.382540535,D2,0.146843940
181,1770939748.469580,D2,0.712882059,0.581239671,0.529384476,D2,0.146843940
182,1770939748.500192,D1,0.513822421,0.418662737,0.383022165,D2,0.147055015
182,1770939748.500192,D2,0.713471951,0.581337263,0.530077179,D2,0.147055015
183,1770939748.530470,D1,0.514067721,0.418606824,0.383496627,D2,0.147264766
183,1770939748.530470,D2,0.713976572,0.581393176,0.530761393,D2,0.147264766
184,1770939748.560370,D1,0.514231056,0.418550521,0.383964012,D2,0.147473222
184,1770939748.560370,D2,0.714368671,0.581449479,0.531437234,D2,0.147473222
185,1770939748.590382,D1,0.514574475,0.418522184,0.384424788,D2,0.147679654
185,1770939748.590382,D2,0.714928988,0.581477816,0.532104442,D2,0.147679654
186,1770939748.625727,D1,0.514860116,0.418571398,0.384880076,D2,0.147882021
186,1770939748.625727,D2,0.715181207,0.581428602,0.532762097,D2,0.147882021
187,1770939748.656944,D1,0.515254974,0.418593651,0.385329590,D2,0.148081097
187,1770939748.656944,D2,0.715664254,0.581406349,0.533410687,D2,0.148081097
188,1770939748.692986,D1,0.515488927,0.418506668,0.385771951,D2,0.148279838
188,1770939748.692986,D2,0.716245157,0.581493332,0.534051789,D2,0.148279838
189,1770939748.726856,D1,0.515809050,0.418499634,0.386208320,D2,0.148476116
189,1770939748.726856,D2,0.716710665,0.581500366,0.534684437,D2,0.148476116
190,1770939748.757701,D1,0.516026988,0.418431696,0.386637965,D2,0.148671590
190,1770939748.757701,D2,0.717213690,0.581568304,0.535309555,D2,0.148671590
191,1770939748.804008,D1,0.516362481,0.418465678,0.387062335,D2,0.148863550
191,1770939748.804008,D2,0.717579769,0.581534322,0.535925885,D2,0.148863550
192,1770939748.835626,D1,0.516569595,0.418450418,0.387480843,D2,0.149053358
192,1770939748.835626,D2,0.717912610,0.581549582,0.536534201,D2,0.149053358
193,1770939748.867565,D1,0.516666015,0.418311450,0.387891917,D2,0.149244342
193,1770939748.867565,D2,0.718456799,0.581688550,0.537136259,D2,0.149244342
194,1770939748.896458,D1,0.516920437,0.418319798,0.388297623,D2,0.149432556
194,1770939748.896458,D2,0.718785928,0.581680202,0.537730178,D2,0.149432556
195,1770939748.926669,D1,0.517326039,0.418389435,0.388698847,D2,0.149616404
195,1770939748.926669,D2,0.719144091,0.581610565,0.538315250,D2,0.149616404
196,1770939748.957182,D1,0.517708697,0.418378951,0.389094581,D2,0.149798079
196,1770939748.957182,D2,0.719707040,0.581621049,0.538892661,D2,0.149798079
197,1770939748.986763,D1,0.517933710,0.418353775,0.389484704,D2,0.149978004
197,1770939748.986763,D2,0.720094345,0.581646225,0.539462708,D2,0.149978004
198,1770939749.022457,D1,0.518337436,0.418366471,0.389869794,D2,0.150155192
198,1770939749.022457,D2,0.720618052,0.581633529,0.540024986,D2,0.150155192
199,1770939749.059489,D1,0.518647433,0.418408758,0.390250314,D2,0.150328889
199,1770939749.059489,D2,0.720923737,0.581591242,0.540579203,D2,0.150328889
200,1770939749.096868,D1,0.518827633,0.418365124,0.390625178,D2,0.150501434
200,1770939749.096868,D2,0.721303543,0.581634876,0.541126612,D2,0.150501434
201,1770939749.144112,D1,0.519129583,0.418282504,0.390993942,D2,0.150673881
201,1770939749.144112,D2,0.721968425,0.581717496,0.541667824,D2,0.150673881
202,1770939749.181450,D1,0.519495931,0.418242737,0.391357259,D2,0.150845090
202,1770939749.181450,D2,0.722596004,0.581757263,0.542202349,D2,0.150845090
203,1770939749.218990,D1,0.519614409,0.418116264,0.391714046,D2,0.151017388
203,1770939749.218990,D2,0.723136600,0.581883736,0.542731435,D2,0.151017388
204,1770939749.256454,D1,0.519833242,0.418051464,0.392065212,D2,0.151189117
204,1770939749.256454,D2,0.723633859,0.581948536,0.543254329,D2,0.151189117
205,1770939749.293240,D1,0.520008051,0.418038831,0.392411527,D2,0.151358894
205,1770939749.293240,D2,0.723914790,0.581961169,0.543770420,D2,0.151358894
206,1770939749.330320,D1,0.520244289,0.417964324,0.392752231,D2,0.151528393
206,1770939749.330320,D2,0.724465508,0.582035676,0.544280624,D2,0.151528393
207,1770939749.368034,D1,0.520544261,0.417943804,0.393088118,D2,0.151696180
207,1770939749.368034,D2,0.724944382,0.582056196,0.544784298,D2,0.151696180
208,1770939749.405120,D1,0.520851843,0.417950365,0.393419615,D2,0.151861554
208,1770939749.405120,D2,0.725353178,0.582049635,0.545281169,D2,0.151861554
209,1770939749.441767,D1,0.521034439,0.417904663,0.393746082,D2,0.152025943
209,1770939749.441767,D2,0.725743797,0.582095337,0.545772025,D2,0.152025943
210,1770939749.478566,D1,0.521237983,0.417916189,0.394068350,D2,0.152187832
210,1770939749.478566,D2,0.725992914,0.582083811,0.546256182,D2,0.152187832
211,1770939749.515427,D1,0.521419857,0.417963311,0.394386950,D2,0.152346306
211,1770939749.515427,D2,0.726105568,0.582036689,0.546733255,D2,0.152346306
212,1770939749.558611,D1,0.521796533,0.417962466,0.394701290,D2,0.152502689
212,1770939749.558611,D2,0.726632633,0.582037534,0.547203979,D2,0.152502689
213,1770939749.587915,D1,0.522053656,0.417949518,0.395011266,D2,0.152657333
213,1770939749.587915,D2,0.727029387,0.582050482,0.547668599,D2,0.152657333
214,1770939749.617506,D1,0.522363639,0.417947986,0.395317089,D2,0.152809955
214,1770939749.617506,D2,0.727465662,0.582052014,0.548127045,D2,0.152809955
215,1770939749.647613,D1,0.522801756,0.417965083,0.395619063,D2,0.152960087
215,1770939749.647613,D2,0.728024634,0.582034917,0.548579150,D2,0.152960087
216,1770939749.676087,D1,0.523035364,0.417961208,0.395916958,D2,0.153108320
216,1770939749.676087,D2,0.728361544,0.582038792,0.549025278,D2,0.153108320
217,1770939749.705193,D1,0.523252690,0.418001149,0.396211414,D2,0.153253512
217,1770939749.705193,D2,0.728544562,0.581998851,0.549464926,D2,0.153253512
218,1770939749.734533,D1,0.523556243,0.418079484,0.396502988,D2,0.153394679
218,1770939749.734533,D2,0.728732526,0.581920516,0.549897667,D2,0.153394679
219,1770939749.763924,D1,0.523882951,0.418022641,0.396789917,D2,0.153535480
219,1770939749.763924,D2,0.729357661,0.581977359,0.550325396,D2,0.153535480
220,1770939749.793449,D1,0.524224406,0.418151124,0.397074733,D2,0.153670976
220,1770939749.793449,D2,0.729447713,0.581848876,0.550745709,D2,0.153670976
221,1770939749.823342,D1,0.524380478,0.418032614,0.397354171,D2,0.153807827
221,1770939749.823342,D2,0.730020400,0.581967386,0.551161998,D2,0.153807827
222,1770939749.861549,D1,0.524403011,0.417940440,0.397628655,D2,0.153945311
222,1770939749.861549,D2,0.730328432,0.582059560,0.551573966,D2,0.153945311
223,1770939749.892077,D1,0.524710533,0.417911791,0.397899097,D2,0.154081726
223,1770939749.892077,D2,0.730842777,0.582088209,0.551980822,D2,0.154081726
224,1770939749.922392,D1,0.524870213,0.417868159,0.398165351,D2,0.154217485
224,1770939749.922392,D2,0.731196328,0.582131841,0.552382836,D2,0.154217485
225,1770939749.952523,D1,0.525118591,0.417781692,0.398426902,D2,0.154353740
225,1770939749.952523,D2,0.731802430,0.582218308,0.552780642,D2,0.154353740
226,1770939749.982480,D1,0.525315742,0.417763951,0.398684729,D2,0.154488652
226,1770939749.982480,D2,0.732130575,0.582236049,0.553173381,D2,0.154488652
227,1770939750.012550,D1,0.525491210,0.417837194,0.398940096,D2,0.154619811
227,1770939750.012550,D2,0.732154631,0.582162806,0.553559907,D2,0.154619811
228,1770939750.042070,D1,0.525793015,0.417843548,0.399192142,D2,0.154749052
228,1770939750.042070,D2,0.732555994,0.582156452,0.553941194,D2,0.154749052
229,1770939750.070863,D1,0.526149678,0.417889668,0.399441442,D2,0.154875341
229,1770939750.070863,D2,0.732913942,0.582110332,0.554316782,D2,0.154875341
230,1770939750.100905,D1,0.526398629,0.417838257,0.399686733,D2,0.155001316
230,1770939750.100905,D2,0.733415713,0.582161743,0.554688049,D2,0.155001316
231,1770939750.131505,D1,0.526650901,0.417799446,0.399928236,D2,0.155126646
231,1770939750.131505,D2,0.733884282,0.582200554,0.555054882,D2,0.155126646
232,1770939750.170735,D1,0.526946343,0.417766453,0.400166079,D2,0.155251186
232,1770939750.170735,D2,0.734395583,0.582233547,0.555417264,D2,0.155251186
233,1770939750.200407,D1,0.527067392,0.417679079,0.400399585,D2,0.155376394
233,1770939750.200407,D2,0.734828209,0.582320921,0.555775980,D2,0.155376394
234,1770939750.229999,D1,0.527264808,0.417582402,0.400628689,D2,0.155502512
234,1770939750.229999,D2,0.735395699,0.582417598,0.556131201,D2,0.155502512
235,1770939750.259926,D1,0.527362844,0.417478503,0.400853354,D2,0.155629718
235,1770939750.259926,D2,0.735846734,0.582521497,0.556483072,D2,0.155629718
236,1770939750.290016,D1,0.527774072,0.417569119,0.401076231,D2,0.155752812
236,1770939750.290016,D2,0.736146195,0.582430881,0.556829043,D2,0.155752812
237,1770939750.319786,D1,0.528036688,0.417518483,0.401295461,D2,0.155875615
237,1770939750.319786,D2,0.736665856,0.582481517,0.557171076,D2,0.155875615
238,1770939750.349539,D1,0.528347103,0.417569470,0.401512447,D2,0.155995421
238,1770939750.349539,D2,0.736944402,0.582430530,0.557507868,D2,0.155995421
239,1770939750.379901,D1,0.528539587,0.417611034,0.401727095,D2,0.156112521
239,1770939750.379901,D2,0.737086903,0.582388966,0.557839616,D2,0.156112521
240,1770939750.409832,D1,0.528796076,0.417563962,0.401938253,D2,0.156229315
240,1770939750.409832,D2,0.737587339,0.582436038,0.558167569,D2,0.156229315
241,1770939750.439754,D1,0.529011360,0.417532044,0.402146171,D2,0.156345403
241,1770939750.439754,D2,0.737984475,0.582467956,0.558491574,D2,0.156345403
242,1770939750.477901,D1,0.529254372,0.417580694,0.402351964,D2,0.156458646
242,1770939750.477901,D2,0.738175803,0.582419306,0.558810610,D2,0.156458646
243,1770939750.508583,D1,0.529306359,0.417535505,0.402554411,D2,0.156571584
243,1770939750.508583,D2,0.738385495,0.582464495,0.559125995,D2,0.156571584
244,1770939750.538722,D1,0.529716126,0.417574217,0.402754676,D2,0.156681984
244,1770939750.538722,D2,0.738839507,0.582425783,0.559436659,D2,0.156681984
245,1770939750.568937,D1,0.529906229,0.417548941,0.402951932,D2,0.156791585
245,1770939750.568937,D2,0.739181480,0.582451059,0.559743518,D2,0.156791585
246,1770939750.600658,D1,0.530055698,0.417460498,0.403145380,D2,0.156902084
246,1770939750.600658,D2,0.739658925,0.582539502,0.560047464,D2,0.156902084
247,1770939750.629467,D1,0.530197945,0.417428074,0.403335816,D2,0.157011975
247,1770939750.629467,D2,0.739956071,0.582571926,0.560347790,D2,0.157011975
248,1770939750.660769,D1,0.530307812,0.417276598,0.403521693,D2,0.157124439
248,1770939750.660769,D2,0.740570581,0.582723402,0.560646132,D2,0.157124439
249,1770939750.691888,D1,0.530572554,0.417284314,0.403705195,D2,0.157235198
249,1770939750.691888,D2,0.740916778,0.582715686,0.560940393,D2,0.157235198
250,1770939750.721441,D1,0.530750625,0.417164539,0.403884652,D2,0.157347674
250,1770939750.721441,D2,0.741530636,0.582835461,0.561232327,D2,0.157347674
251,1770939750.751096,D1,0.531101053,0.417205662,0.404062266,D2,0.157457554
251,1770939750.751096,D2,0.741894740,0.582794338,0.561519820,D2,0.157457554
252,1770939750.791516,D1,0.531458120,0.417221261,0.404237719,D2,0.157565553
252,1770939750.791516,D2,0.742345901,0.582778739,0.561803273,D2,0.157565553
253,1770939750.826596,D1,0.531787959,0.417203267,0.404410593,D2,0.157672592
253,1770939750.826596,D2,0.742861595,0.582796733,0.562083185,D2,0.157672592
254,1770939750.855582,D1,0.532003962,0.417241398,0.404581671,D2,0.157777187
254,1770939750.855582,D2,0.743046797,0.582758602,0.562358858,D2,0.157777187
255,1770939750.886022,D1,0.531952646,0.417107679,0.404748684,D2,0.157883953
255,1770939750.886022,D2,0.743383850,0.582892321,0.562632637,D2,0.157883953
256,1770939750.915707,D1,0.532142353,0.417021048,0.404912316,D2,0.157991606
256,1770939750.915707,D2,0.743913987,0.582978952,0.562903921,D2,0.157991606
257,1770939750.945256,D1,0.532477883,0.417119716,0.405075081,D2,0.158095192
257,1770939750.945256,D2,0.744081010,0.582880284,0.563170273,D2,0.158095192
258,1770939750.980063,D1,0.532646374,0.417040610,0.405234621,D2,0.158199506
258,1770939750.980063,D2,0.744558679,0.582959390,0.563434128,D2,0.158199506
259,1770939751.018492,D1,0.532871137,0.417069656,0.405392422,D2,0.158301655
259,1770939751.018492,D2,0.744783875,0.582930344,0.563694077,D2,0.158301655
260,1770939751.056980,D1,0.533157422,0.417166210,0.405549406,D2,0.158399868
260,1770939751.056980,D2,0.744888137,0.582833790,0.563949273,D2,0.158399868
261,1770939751.088270,D1,0.533445910,0.417231476,0.405705167,D2,0.158495030
261,1770939751.088270,D2,0.745091162,0.582768524,0.564200197,D2,0.158495030
262,1770939751.135427,D1,0.533891183,0.417425322,0.405861435,D2,0.158583755
262,1770939751.135427,D2,0.745118868,0.582574678,0.564445190,D2,0.158583755
263,1770939751.168000,D1,0.534106106,0.417377391,0.406014981,D2,0.158672574
263,1770939751.168000,D2,0.745565763,0.582622609,0.564687555,D2,0.158672574
264,1770939751.203156,D1,0.534297269,0.417395890,0.406166727,D2,0.158759716
264,1770939751.203156,D2,0.745775876,0.582604110,0.564926443,D2,0.158759716
265,1770939751.241152,D1,0.534621532,0.417388419,0.406316349,D2,0.158845895
265,1770939751.241152,D2,0.746251408,0.582611581,0.565162245,D2,0.158845895
266,1770939751.278190,D1,0.534904098,0.417419796,0.406464395,D2,0.158930089
266,1770939751.278190,D2,0.746549497,0.582580204,0.565394484,D2,0.158930089
267,1770939751.315223,D1,0.535100401,0.417433887,0.406610655,D2,0.159012784
267,1770939751.315223,D2,0.746780197,0.582566113,0.565623439,D2,0.159012784
268,1770939751.351865,D1,0.535516035,0.417522803,0.406756151,D2,0.159092005
268,1770939751.351865,D2,0.747087051,0.582477197,0.565848156,D2,0.159092005
269,1770939751.389335,D1,0.535723649,0.417615690,0.406900944,D2,0.159167694
269,1770939751.389335,D2,0.747091296,0.582384310,0.566068638,D2,0.159167694
270,1770939751.425663,D1,0.535990446,0.417643448,0.407044178,D2,0.159241632
270,1770939751.425663,D2,0.747378055,0.582356552,0.566285810,D2,0.159241632
271,1770939751.462392,D1,0.536145059,0.417567536,0.407184489,D2,0.159316610
271,1770939751.462392,D2,0.747827024,0.582432464,0.566501099,D2,0.159316610
272,1770939751.508761,D1,0.536462041,0.417555566,0.407322770,D2,0.159390906
272,1770939751.508761,D2,0.748305987,0.582444434,0.566713677,D2,0.159390906
273,1770939751.541489,D1,0.536749982,0.417580591,0.407459541,D2,0.159463545
273,1770939751.541489,D2,0.748630599,0.582419409,0.566923086,D2,0.159463545
274,1770939751.570969,D1,0.536805820,0.417421610,0.407592369,D2,0.159539455
274,1770939751.570969,D2,0.749198084,0.582578390,0.567131824,D2,0.159539455
275,1770939751.600448,D1,0.537047800,0.417415675,0.407723346,D2,0.159614511
275,1770939751.600448,D2,0.749554097,0.582584325,0.567337857,D2,0.159614511
276,1770939751.632534,D1,0.537185718,0.417386662,0.407852190,D2,0.159689340
276,1770939751.632534,D2,0.749836046,0.582613338,0.567541530,D2,0.159689340
277,1770939751.668565,D1,0.537424509,0.417372686,0.407979130,D2,0.159763544
277,1770939751.668565,D2,0.750212481,0.582627314,0.567742674,D2,0.159763544
278,1770939751.706868,D1,0.537613899,0.417357574,0.408104176,D2,0.159837161
278,1770939751.706868,D2,0.750523499,0.582642426,0.567941337,D2,0.159837161
279,1770939751.744062,D1,0.537908363,0.417382269,0.408227884,D2,0.159909139
279,1770939751.744062,D2,0.750858322,0.582617731,0.568137023,D2,0.159909139
280,1770939751.781264,D1,0.538100091,0.417376405,0.408349864,D2,0.159980313
280,1770939751.781264,D2,0.751144067,0.582623595,0.568330177,D2,0.159980313
281,1770939751.819291,D1,0.538320668,0.417373038,0.408470173,D2,0.160050627
281,1770939751.819291,D2,0.751462377,0.582626962,0.568520801,D2,0.160050627
282,1770939751.866573,D1,0.538527014,0.417333498,0.408588351,D2,0.160121059
282,1770939751.866573,D2,0.751872671,0.582666502,0.568709410,D2,0.160121059
283,1770939751.904048,D1,0.538725976,0.417252181,0.408703869,D2,0.160192720
283,1770939751.904048,D2,0.752402029,0.582747819,0.568896589,D2,0.160192720
284,1770939751.941106,D1,0.539046459,0.417274564,0.408818145,D2,0.160262829
284,1770939751.941106,D2,0.752780327,0.582725436,0.569080974,D2,0.160262829
285,1770939751.978290,D1,0.539324520,0.417411556,0.408932724,D2,0.160328350
285,1770939751.978290,D2,0.752744453,0.582588444,0.569261073,D2,0.160328350
286,1770939752.015165,D1,0.539735709,0.417508271,0.409047064,D2,0.160390418
286,1770939752.015165,D2,0.753018821,0.582491729,0.569437482,D2,0.160390418
287,1770939752.052287,D1,0.539800633,0.417424919,0.409158769,D2,0.160453881
287,1770939752.052287,D2,0.753367573,0.582575081,0.569612650,D2,0.160453881
288,1770939752.091085,D1,0.540020446,0.417424478,0.409268978,D2,0.160516510
288,1770939752.091085,D2,0.753675718,0.582575522,0.569785488,D2,0.160516510
289,1770939752.128088,D1,0.540188089,0.417376699,0.409377081,D2,0.160579578
289,1770939752.128088,D2,0.754057829,0.582623301,0.569956659,D2,0.160579578
290,1770939752.165197,D1,0.540333253,0.417351141,0.409483402,D2,0.160642486
290,1770939752.165197,D2,0.754339746,0.582648859,0.570125888,D2,0.160642486
291,1770939752.202212,D1,0.540664166,0.417378924,0.409588676,D2,0.160703815
291,1770939752.202212,D2,0.754715488,0.582621076,0.570292491,D2,0.160703815
292,1770939752.248553,D1,0.541008937,0.417395640,0.409692769,D2,0.160763881
292,1770939752.248553,D2,0.755144845,0.582604360,0.570456649,D2,0.160763881
293,1770939752.286491,D1,0.541262819,0.417393163,0.409795441,D2,0.160823211
293,1770939752.286491,D2,0.755506910,0.582606837,0.570618652,D2,0.160823211
294,1770939752.324823,D1,0.541572530,0.417366208,0.409896384,D2,0.160882469
294,1770939752.324823,D2,0.756023009,0.582633792,0.570778853,D2,0.160882469
295,1770939752.361848,D1,0.541809756,0.417258640,0.409994547,D2,0.160943806
295,1770939752.361848,D2,0.756688836,0.582741360,0.570938354,D2,0.160943806
296,1770939752.399639,D1,0.541910576,0.417231277,0.410091037,D2,0.161005055
296,1770939752.399639,D2,0.756914813,0.582768723,0.571096092,D2,0.161005055
297,1770939752.437070,D1,0.542031296,0.417222176,0.410186119,D2,0.161065729
297,1770939752.437070,D2,0.757111769,0.582777824,0.571251848,D2,0.161065729
298,1770939752.474216,D1,0.542418980,0.417281100,0.410280719,D2,0.161124023
298,1770939752.474216,D2,0.757469705,0.582718900,0.571404742,D2,0.161124023
299,1770939752.512177,D1,0.542382500,0.417102863,0.410371681,D2,0.161186294
299,1770939752.512177,D2,0.757974194,0.582897137,0.571557974,D2,0.161186294
300,1770939752.551227,D1,0.542685430,0.417173858,0.410462376,D2,0.161245840
300,1770939752.551227,D2,0.758176116,0.582826142,0.571708216,D2,0.161245840
301,1770939752.586192,D1,0.542835740,0.417171729,0.410551834,D2,0.161304649
301,1770939752.586192,D2,0.758392752,0.582828271,0.571856484,D2,0.161304649
302,1770939752.631592,D1,0.542881434,0.417029773,0.410638207,D2,0.161366460
302,1770939752.631592,D2,0.758899565,0.582970227,0.572004667,D2,0.161366460
303,1770939752.671924,D1,0.542958717,0.416926004,0.410722044,D2,0.161430214
303,1770939752.671924,D2,0.759331647,0.583073996,0.572152258,D2,0.161430214
304,1770939752.706219,D1,0.543289572,0.416974470,0.410805410,D2,0.161491825
304,1770939752.706219,D2,0.759642889,0.583025530,0.572297235,D2,0.161491825
305,1770939752.737848,D1,0.543607047,0.417044691,0.410888600,D2,0.161550742
305,1770939752.737848,D2,0.759867276,0.582955309,0.572439343,D2,0.161550742
306,1770939752.775713,D1,0.543828435,0.416980151,0.410969821,D2,0.161610595
306,1770939752.775713,D2,0.760378572,0.583019849,0.572580416,D2,0.161610595
307,1770939752.814716,D1,0.544067740,0.417021324,0.411050508,D2,0.161668552
307,1770939752.814716,D2,0.760584346,0.582978676,0.572719060,D2,0.161668552
308,1770939752.853361,D1,0.544418645,0.417094591,0.411131096,D2,0.161723782
308,1770939752.853361,D2,0.760845572,0.582905409,0.572854878,D2,0.161723782
309,1770939752.891603,D1,0.544522140,0.417147785,0.411211318,D2,0.161776857
309,1770939752.891603,D2,0.760823734,0.582852215,0.572988175,D2,0.161776857
310,1770939752.929697,D1,0.544695888,0.417130095,0.411290235,D2,0.161829697
310,1770939752.929697,D2,0.761121876,0.582869905,0.573119932,D2,0.161829697
311,1770939752.968417,D1,0.545091409,0.417140651,0.411368241,D2,0.161881550
311,1770939752.968417,D2,0.761641483,0.582859349,0.573249791,D2,0.161881550
312,1770939753.018312,D1,0.545455584,0.417164538,0.411445525,D2,0.161932075
312,1770939753.018312,D2,0.762075459,0.582835462,0.573377600,D2,0.161932075
313,1770939753.061328,D1,0.545499221,0.417064000,0.411520438,D2,0.161984607
313,1770939753.061328,D2,0.762451646,0.582936000,0.573505045,D2,0.161984607
314,1770939753.101533,D1,0.545833497,0.417152759,0.411595535,D2,0.162034072
314,1770939753.101533,D2,0.762640402,0.582847241,0.573629608,D2,0.162034072
315,1770939753.140867,D1,0.545877333,0.417136686,0.411669417,D2,0.162083307
315,1770939753.140867,D2,0.762752073,0.582863314,0.573752724,D2,0.162083307
316,1770939753.178904,D1,0.546173104,0.417218360,0.411743403,D2,0.162129706
316,1770939753.178904,D2,0.762909035,0.582781640,0.573873109,D2,0.162129706
317,1770939753.216853,D1,0.546398210,0.417195244,0.411816094,D2,0.162176104
317,1770939753.216853,D2,0.763296035,0.582804756,0.573992198,D2,0.162176104
318,1770939753.254894,D1,0.546578341,0.417110254,0.411886683,D2,0.162224149
318,1770939753.254894,D2,0.763814622,0.582889746,0.574110832,D2,0.162224149
319,1770939753.292370,D1,0.546807516,0.417171265,0.411957144,D2,0.162269926
319,1770939753.292370,D2,0.763943156,0.582828735,0.574227071,D2,0.162269926
320,1770939753.329453,D1,0.547129206,0.417234225,0.412027505,D2,0.162313415
320,1770939753.329453,D2,0.764194681,0.582765775,0.574340920,D2,0.162313415
321,1770939753.366667,D1,0.547069296,0.417102196,0.412095168,D2,0.162359844
321,1770939753.366667,D2,0.764526042,0.582897804,0.574455012,D2,0.162359844
322,1770939753.414363,D1,0.547153146,0.417017126,0.412160794,D2,0.162407923
322,1770939753.414363,D2,0.764910825,0.582982874,0.574568717,D2,0.162407923
323,1770939753.444889,D1,0.547383183,0.416974525,0.412224977,D2,0.162456496
323,1770939753.444889,D2,0.765366518,0.583025475,0.574681473,D2,0.162456496
324,1770939753.477410,D1,0.547541891,0.416954006,0.412288031,D2,0.162504970
324,1770939753.477410,D2,0.765653050,0.583045994,0.574793000,D2,0.162504970
325,1770939753.507335,D1,0.547500579,0.416884321,0.412349315,D2,0.162554655
325,1770939753.507335,D2,0.765814773,0.583115679,0.574903969,D2,0.162554655
326,1770939753.536034,D1,0.547610428,0.416843201,0.412409233,D2,0.162604774
326,1770939753.536034,D2,0.766098005,0.583156799,0.575014007,D2,0.162604774
327,1770939753.565584,D1,0.547721038,0.416839047,0.412468297,D2,0.162654336
327,1770939753.565584,D2,0.766265839,0.583160953,0.575122633,D2,0.162654336
328,1770939753.594477,D1,0.547945718,0.416789723,0.412525916,D2,0.162704552
328,1770939753.594477,D2,0.766735733,0.583210277,0.575230468,D2,0.162704552
329,1770939753.624682,D1,0.548207260,0.416784657,0.412582699,D2,0.162754234
329,1770939753.624682,D2,0.767117696,0.583215343,0.575336933,D2,0.162754234
330,1770939753.654932,D1,0.548562906,0.416796499,0.412638883,D2,0.162802937
330,1770939753.654932,D2,0.767577964,0.583203501,0.575441821,D2,0.162802937
331,1770939753.685264,D1,0.548681680,0.416738020,0.412693539,D2,0.162852551
331,1770939753.685264,D2,0.767928885,0.583261980,0.575546090,D2,0.162852551
332,1770939753.734133,D1,0.548899011,0.416753798,0.412747675,D2,0.162901082
332,1770939753.734133,D2,0.768183192,0.583246202,0.575648758,D2,0.162901082
333,1770939753.767714,D1,0.548901427,0.416648982,0.412799693,D2,0.162951762
333,1770939753.767714,D2,0.768517914,0.583351018,0.575751455,D2,0.162951762
334,1770939753.796987,D1,0.549314957,0.416751099,0.412852378,D2,0.162999042
334,1770939753.796987,D2,0.768773847,0.583248901,0.575851421,D2,0.162999042
335,1770939753.832857,D1,0.549531816,0.416714243,0.412903870,D2,0.163046675
335,1770939753.832857,D2,0.769193964,0.583285757,0.575950545,D2,0.163046675
336,1770939753.869739,D1,0.549934435,0.416704308,0.412954542,D2,0.163093938
336,1770939753.869739,D2,0.769788986,0.583295692,0.576048480,D2,0.163093938
337,1770939753.906203,D1,0.550091571,0.416653961,0.413003868,D2,0.163141913
337,1770939753.906203,D2,0.770168460,0.583346039,0.576145781,D2,0.163141913
338,1770939753.935946,D1,0.550329914,0.416713352,0.413053328,D2,0.163187665
338,1770939753.935946,D2,0.770313908,0.583286648,0.576240993,D2,0.163187665
339,1770939753.966547,D1,0.550284136,0.416625896,0.413100962,D2,0.163235139
339,1770939753.966547,D2,0.770527030,0.583374104,0.576336101,D2,0.163235139
340,1770939753.999840,D1,0.550509883,0.416664632,0.413148478,D2,0.163280947
340,1770939753.999840,D2,0.770720289,0.583335368,0.576429424,D2,0.163280947
341,1770939754.029405,D1,0.550571494,0.416676303,0.413195515,D2,0.163325833
341,1770939754.029405,D2,0.770769531,0.583323697,0.576521348,D2,0.163325833
342,1770939754.072999,D1,0.550781880,0.416723967,0.413242561,D2,0.163368849
342,1770939754.072999,D2,0.770912870,0.583276033,0.576611411,D2,0.163368849
343,1770939754.111744,D1,0.550960010,0.416734298,0.413289118,D2,0.163411017
343,1770939754.111744,D2,0.771129419,0.583265702,0.576700134,D2,0.163411017
344,1770939754.150552,D1,0.551103848,0.416693863,0.413334514,D2,0.163453700
344,1770939754.150552,D2,0.771459061,0.583306137,0.576788214,D2,0.163453700
345,1770939754.188079,D1,0.551284666,0.416742157,0.413379950,D2,0.163494527
345,1770939754.188079,D2,0.771558865,0.583257843,0.576874476,D2,0.163494527
346,1770939754.226028,D1,0.551308846,0.416776284,0.413425234,D2,0.163533899
346,1770939754.226028,D2,0.771484382,0.583223716,0.576959133,D2,0.163533899
347,1770939754.264043,D1,0.551646926,0.416852719,0.413470934,D2,0.163570708
347,1770939754.264043,D2,0.771714782,0.583147281,0.577041641,D2,0.163570708
348,1770939754.301815,D1,0.551745342,0.416790598,0.413515196,D2,0.163608682
348,1770939754.301815,D2,0.772049734,0.583209402,0.577123878,D2,0.163608682
349,1770939754.340665,D1,0.551810008,0.416749604,0.413558321,D2,0.163647244
349,1770939754.340665,D2,0.772270455,0.583250396,0.577205565,D2,0.163647244
350,1770939754.379820,D1,0.551998037,0.416752955,0.413600917,D2,0.163685202
350,1770939754.379820,D2,0.772522954,0.583247045,0.577286118,D2,0.163685202
351,1770939754.414425,D1,0.552094020,0.416760498,0.413643044,D2,0.163722452
351,1770939754.414425,D2,0.772633307,0.583239502,0.577365497,D2,0.163722452
352,1770939754.456626,D1,0.552236376,0.416772463,0.413684770,D2,0.163758887
352,1770939754.456626,D2,0.772794486,0.583227537,0.577443657,D2,0.163758887
353,1770939754.497494,D1,0.552517466,0.416786407,0.413726125,D2,0.163794465
353,1770939754.497494,D2,0.773143488,0.583213593,0.577520590,D2,0.163794465
354,1770939754.535274,D1,0.552730982,0.416710789,0.413765921,D2,0.163831584
354,1770939754.535274,D2,0.773682916,0.583289211,0.577597505,D2,0.163831584
355,1770939754.566542,D1,0.553037585,0.416704283,0.413805099,D2,0.163868382
355,1770939754.566542,D2,0.774132803,0.583295717,0.577673481,D2,0.163868382
356,1770939754.605643,D1,0.553146798,0.416730655,0.413844106,D2,0.163903986
356,1770939754.605643,D2,0.774201673,0.583269345,0.577748092,D2,0.163903986
357,1770939754.645846,D1,0.553265045,0.416702171,0.413882214,D2,0.163939875
357,1770939754.645846,D2,0.774457928,0.583297829,0.577822089,D2,0.163939875
358,1770939754.685315,D1,0.553606391,0.416858532,0.413921898,D2,0.163971116
358,1770939754.685315,D2,0.774437414,0.583141468,0.577893014,D2,0.163971116
359,1770939754.723556,D1,0.553870360,0.416834117,0.413960728,D2,0.164002591
359,1770939754.723556,D2,0.774884503,0.583165883,0.577963319,D2,0.164002591
360,1770939754.763073,D1,0.553990491,0.416770295,0.413998188,D2,0.164035349
360,1770939754.763073,D2,0.775256093,0.583229705,0.578033537,D2,0.164035349
361,1770939754.802174,D1,0.554108062,0.416803020,0.414035586,D2,0.164066797
361,1770939754.802174,D2,0.775316237,0.583196980,0.578102383,D2,0.164066797
362,1770939754.852650,D1,0.554338879,0.416800867,0.414072457,D2,0.164097883
362,1770939754.852650,D2,0.775646068,0.583199133,0.578170340,D2,0.164097883
363,1770939754.891420,D1,0.554339534,0.416778880,0.414108542,D2,0.164129141
363,1770939754.891420,D2,0.775717149,0.583221120,0.578237683,D2,0.164129141
364,1770939754.929522,D1,0.554653528,0.416762022,0.414143922,D2,0.164160432
364,1770939754.929522,D2,0.776210368,0.583237978,0.578304354,D2,0.164160432
365,1770939754.967962,D1,0.554925972,0.416776191,0.414179019,D2,0.164190928
365,1770939754.967962,D2,0.776546371,0.583223809,0.578369947,D2,0.164190928
366,1770939755.006082,D1,0.555256431,0.416883933,0.414215084,D2,0.164218144
366,1770939755.006082,D2,0.776664488,0.583116067,0.578433228,D2,0.164218144
367,1770939755.044499,D1,0.555398869,0.416872478,0.414250516,D2,0.164245303
367,1770939755.044499,D2,0.776900330,0.583127522,0.578495819,D2,0.164245303
368,1770939755.083371,D1,0.555633143,0.416874423,0.414285502,D2,0.164272047
368,1770939755.083371,D2,0.777221818,0.583125577,0.578557549,D2,0.164272047
369,1770939755.121846,D1,0.555589193,0.416756901,0.414318454,D2,0.164301569
369,1770939755.121846,D2,0.777536166,0.583243099,0.578620023,D2,0.164301569
370,1770939755.161668,D1,0.555577196,0.416720282,0.414350478,D2,0.164331674
370,1770939755.161668,D2,0.777636520,0.583279718,0.578682152,D2,0.164331674
371,1770939755.193820,D1,0.555632877,0.416620102,0.414380740,D2,0.164364049
371,1770939755.193820,D2,0.778035072,0.583379898,0.578744789,D2,0.164364049
372,1770939755.239964,D1,0.555790597,0.416596655,0.414410285,D2,0.164396618
372,1770939755.239964,D2,0.778331006,0.583403345,0.578806903,D2,0.164396618
373,1770939755.280211,D1,0.555714427,0.416513074,0.414438322,D2,0.164430981
373,1770939755.280211,D2,0.778492014,0.583486926,0.578869303,D2,0.164430981
374,1770939755.320266,D1,0.555842248,0.416447156,0.414465107,D2,0.164466644
374,1770939755.320266,D2,0.778882314,0.583552844,0.578931751,D2,0.164466644
375,1770939755.358726,D1,0.555905696,0.416423751,0.414491222,D2,0.164502455
375,1770939755.358726,D2,0.779046248,0.583576249,0.578993677,D2,0.164502455
376,1770939755.397852,D1,0.556228325,0.416505181,0.414518075,D2,0.164535617
376,1770939755.397852,D2,0.779237237,0.583494819,0.579053692,D2,0.164535617
377,1770939755.433335,D1,0.556393510,0.416401096,0.414543182,D2,0.164571113
377,1770939755.433335,D2,0.779802564,0.583598904,0.579114295,D2,0.164571113
378,1770939755.466468,D1,0.556551792,0.416438033,0.414568447,D2,0.164605151
378,1770939755.466468,D2,0.779905852,0.583561967,0.579173598,D2,0.164605151
379,1770939755.505340,D1,0.556834411,0.416453657,0.414593583,D2,0.164638318
379,1770939755.505340,D2,0.780251723,0.583546343,0.579231901,D2,0.164638318
380,1770939755.544538,D1,0.556988943,0.416459628,0.414618463,D2,0.164670884
380,1770939755.544538,D2,0.780449084,0.583540372,0.579289347,D2,0.164670884
381,1770939755.584453,D1,0.557183026,0.416531838,0.414643975,D2,0.164701090
381,1770939755.584453,D2,0.780489091,0.583468162,0.579345065,D2,0.164701090
382,1770939755.633949,D1,0.557344816,0.416607555,0.414670156,D2,0.164728874
382,1770939755.633949,D2,0.780472535,0.583392445,0.579399030,D2,0.164728874
383,1770939755.673014,D1,0.557566146,0.416639279,0.414696411,D2,0.164755441
383,1770939755.673014,D2,0.780680568,0.583360721,0.579451852,D2,0.164755441
384,1770939755.712029,D1,0.557678248,0.416571037,0.414721406,D2,0.164783474
384,1770939755.712029,D2,0.781056800,0.583428963,0.579504880,D2,0.164783474
385,1770939755.750206,D1,0.557708164,0.416553011,0.414745827,D2,0.164811614
385,1770939755.750206,D2,0.781156638,0.583446989,0.579557442,D2,0.164811614
386,1770939755.789921,D1,0.557618946,0.416400401,0.414767888,D2,0.164843449
386,1770939755.789921,D2,0.781522285,0.583599599,0.579611337,D2,0.164843449
387,1770939755.829456,D1,0.557751103,0.416380099,0.414789385,D2,0.164875400
387,1770939755.829456,D2,0.781772818,0.583619901,0.579664785,D2,0.164875400
388,1770939755.867864,D1,0.557826149,0.416402334,0.414810891,D2,0.164906333
388,1770939755.867864,D2,0.781806469,0.583597666,0.579717223,D2,0.164906333
389,1770939755.905871,D1,0.558035183,0.416411870,0.414832237,D2,0.164936598
389,1770939755.905871,D2,0.782068746,0.583588130,0.579768835,D2,0.164936598
390,1770939755.944955,D1,0.558174849,0.416309961,0.414851940,D2,0.164969178
390,1770939755.944955,D2,0.782592610,0.583690039,0.579821118,D2,0.164969178
391,1770939755.982930,D1,0.558249779,0.416331356,0.414871666,D2,0.165000753
391,1770939755.982930,D2,0.782628756,0.583668644,0.579872418,D2,0.165000753
392,1770939756.030945,D1,0.558521269,0.416367551,0.414891611,D2,0.165030941
392,1770939756.030945,D2,0.782892748,0.583632449,0.579922552,D2,0.165030941
393,1770939756.069489,D1,0.558647287,0.416349318,0.414911047,D2,0.165061214
393,1770939756.069489,D2,0.783128147,0.583650682,0.579972260,D2,0.165061214
394,1770939756.108213,D1,0.558788578,0.416312863,0.414929738,D2,0.165092055
394,1770939756.108213,D2,0.783443739,0.583687137,0.580021792,D2,0.165092055
395,1770939756.147501,D1,0.559012644,0.416358267,0.414948785,D2,0.165121273
395,1770939756.147501,D2,0.783611458,0.583641733,0.580070058,D2,0.165121273
396,1770939756.185000,D1,0.559123376,0.416300519,0.414966808,D2,0.165151643
396,1770939756.185000,D2,0.783952961,0.583699481,0.580118450,D2,0.165151643
397,1770939756.224355,D1,0.559257981,0.416313559,0.414984764,D2,0.165181259
397,1770939756.224355,D2,0.784099613,0.583686441,0.580166024,D2,0.165181259
398,1770939756.262502,D1,0.559319357,0.416259882,0.415001766,D2,0.165211912
398,1770939756.262502,D2,0.784358910,0.583740118,0.580213678,D2,0.165211912
399,1770939756.300925,D1,0.559367220,0.416220980,0.415018022,D2,0.165243194
399,1770939756.300925,D2,0.784551629,0.583779020,0.580261216,D2,0.165243194
400,1770939756.338526,D1,0.559450230,0.416172993,0.415033422,D2,0.165275338
400,1770939756.338526,D2,0.784823039,0.583827007,0.580308760,D2,0.165275338
401,1770939756.376227,D1,0.559477876,0.416040831,0.415046854,D2,0.165310578
401,1770939756.376227,D2,0.785288875,0.583959169,0.580357432,D2,0.165310578
402,1770939756.425049,D1,0.559717956,0.416069268,0.415060486,D2,0.165344590
402,1770939756.425049,D2,0.785533902,0.583930732,0.580405076,D2,0.165344590
403,1770939756.458383,D1,0.559784853,0.416033075,0.415073454,D2,0.165379113
403,1770939756.458383,D2,0.785744833,0.583966925,0.580452567,D2,0.165379113
404,1770939756.490849,D1,0.559943751,0.416060012,0.415086608,D2,0.165412458
404,1770939756.490849,D2,0.785880732,0.583939988,0.580499066,D2,0.165412458
405,1770939756.525519,D1,0.560178784,0.416107667,0.415100222,D2,0.165444088
405,1770939756.525519,D2,0.786056404,0.583892333,0.580544310,D2,0.165444088
406,1770939756.559158,D1,0.560397685,0.416118298,0.415113797,D2,0.165475012
406,1770939756.559158,D2,0.786329166,0.583881702,0.580588808,D2,0.165475012
407,1770939756.593819,D1,0.560307317,0.416127098,0.415127307,D2,0.165505289
407,1770939756.593819,D2,0.786173890,0.583872902,0.580632596,D2,0.165505289
408,1770939756.630898,D1,0.560292670,0.416081624,0.415140031,D2,0.165536375
408,1770939756.630898,D2,0.786300492,0.583918376,0.580676407,D2,0.165536375
409,1770939756.667243,D1,0.560532368,0.416050174,0.415152167,D2,0.165567886
409,1770939756.667243,D2,0.786738714,0.583949826,0.580720052,D2,0.165567886
410,1770939756.703227,D1,0.560584680,0.415933340,0.415162582,D2,0.165602091
410,1770939756.703227,D2,0.787190614,0.584066660,0.580764674,D2,0.165602091
411,1770939756.740189,D1,0.560653773,0.415915924,0.415172627,D2,0.165636306
411,1770939756.740189,D2,0.787344081,0.584084076,0.580808932,D2,0.165636306
412,1770939756.787683,D1,0.560748470,0.415893993,0.415182245,D2,0.165670648
412,1770939756.787683,D2,0.787548162,0.584106007,0.580852893,D2,0.165670648
413,1770939756.827714,D1,0.560763703,0.415798195,0.415190458,D2,0.165707088
413,1770939756.827714,D2,0.787880205,0.584201805,0.580897546,D2,0.165707088
414,1770939756.865912,D1,0.560877046,0.415778522,0.415198299,D2,0.165743566
414,1770939756.865912,D2,0.788103280,0.584221478,0.580941865,D2,0.165743566
415,1770939756.905046,D1,0.560877673,0.415755277,0.415205725,D2,0.165780178
415,1770939756.905046,D2,0.788179584,0.584244723,0.580985903,D2,0.165780178
416,1770939756.946103,D1,0.561022510,0.415841264,0.415214199,D2,0.165814008
416,1770939756.946103,D2,0.788104088,0.584158736,0.581028207,D2,0.165814008
417,1770939756.986788,D1,0.561302475,0.415952699,0.415224046,D2,0.165844416
417,1770939756.986788,D2,0.788135756,0.584047301,0.581068462,D2,0.165844416
418,1770939757.026345,D1,0.561585615,0.416033139,0.415234833,D2,0.165872274
418,1770939757.026345,D2,0.788272275,0.583966861,0.581107107,D2,0.165872274
419,1770939757.065625,D1,0.561932367,0.416098939,0.415246355,D2,0.165898005
419,1770939757.065625,D2,0.788545403,0.583901061,0.581144360,D2,0.165898005
420,1770939757.106190,D1,0.561971092,0.416054405,0.415257129,D2,0.165924581
420,1770939757.106190,D2,0.788744307,0.583945595,0.581181710,D2,0.165924581
421,1770939757.147656,D1,0.561914645,0.415976298,0.415266718,D2,0.165952885
421,1770939757.147656,D2,0.788918678,0.584023702,0.581219603,D2,0.165952885
422,1770939757.202277,D1,0.562184933,0.416025453,0.415276834,D2,0.165979501
422,1770939757.202277,D2,0.789138476,0.583974547,0.581256335,D2,0.165979501
423,1770939757.248266,D1,0.562198164,0.416008537,0.415286590,D2,0.166006214
423,1770939757.248266,D2,0.789211998,0.583991463,0.581292804,D2,0.166006214
424,1770939757.292056,D1,0.562207942,0.415905333,0.415294840,D2,0.166035322
424,1770939757.292056,D2,0.789561073,0.584094667,0.581330162,D2,0.166035322
425,1770939757.336122,D1,0.562291968,0.415936357,0.415303394,D2,0.166063215
425,1770939757.336122,D2,0.789578236,0.584063643,0.581366608,D2,0.166063215
426,1770939757.380754,D1,0.562505458,0.415964262,0.415312205,D2,0.166089992
426,1770939757.380754,D2,0.789787298,0.584035738,0.581402197,D2,0.166089992
427,1770939757.424312,D1,0.562730901,0.416017315,0.415321607,D2,0.166114997
427,1770939757.424312,D2,0.789931310,0.583982685,0.581436603,D2,0.166114997
428,1770939757.467537,D1,0.562879866,0.416069818,0.415331583,D2,0.166138268
428,1770939757.467537,D2,0.789969684,0.583930182,0.581469851,D2,0.166138268
429,1770939757.510415,D1,0.563184500,0.416195616,0.415343103,D2,0.166157875
429,1770939757.510415,D2,0.789988092,0.583804384,0.581500978,D2,0.166157875
430,1770939757.551968,D1,0.563397911,0.416227597,0.415354897,D2,0.166176367
430,1770939757.551968,D2,0.790183435,0.583772403,0.581531264,D2,0.166176367
431,1770939757.594694,D1,0.563585926,0.416351294,0.415368182,D2,0.166191314
431,1770939757.594694,D2,0.790044850,0.583648706,0.581559496,D2,0.166191314
432,1770939757.649659,D1,0.563636838,0.416315154,0.415380808,D2,0.166207026
432,1770939757.649659,D2,0.790233741,0.583684846,0.581587834,D2,0.166207026
433,1770939757.692624,D1,0.563658509,0.416191541,0.415391618,D2,0.166225825
433,1770939757.692624,D2,0.790666250,0.583808459,0.581617443,D2,0.166225825
434,1770939757.737532,D1,0.563771511,0.416220771,0.415402673,D2,0.166243593
434,1770939757.737532,D2,0.790729633,0.583779229,0.581646267,D2,0.166243593
435,1770939757.781365,D1,0.563962744,0.416284614,0.415414433,D2,0.166259422
435,1770939757.781365,D2,0.790790050,0.583715386,0.581673855,D2,0.166259422
436,1770939757.825957,D1,0.563935067,0.416229732,0.415425303,D2,0.166276504
436,1770939757.825957,D2,0.790929864,0.583770268,0.581701807,D2,0.166276504
437,1770939757.869274,D1,0.563985726,0.416206965,0.415435725,D2,0.166293965
437,1770939757.869274,D2,0.791075033,0.583793035,0.581729690,D2,0.166293965
438,1770939757.911178,D1,0.564087092,0.416150723,0.415445259,D2,0.166312692
438,1770939757.911178,D2,0.791400381,0.583849277,0.581757951,D2,0.166312692
439,1770939757.953119,D1,0.564189795,0.416149081,0.415454643,D2,0.166331214
439,1770939757.953119,D2,0.791549819,0.583850919,0.581785857,D2,0.166331214
440,1770939757.995748,D1,0.564123412,0.416056809,0.415462672,D2,0.166351950
440,1770939757.995748,D2,0.791757324,0.583943191,0.581814622,D2,0.166351950
441,1770939758.039679,D1,0.564230458,0.416043302,0.415470414,D2,0.166372769
441,1770939758.039679,D2,0.791951592,0.583956698,0.581843183,D2,0.166372769
442,1770939758.093247,D1,0.564309218,0.416023345,0.415477786,D2,0.166393843
442,1770939758.093247,D2,0.792127205,0.583976655,0.581871629,D2,0.166393843
443,1770939758.136580,D1,0.564386353,0.415939283,0.415483939,D2,0.166416878
443,1770939758.136580,D2,0.792509655,0.584060717,0.581900817,D2,0.166416878
444,1770939758.181589,D1,0.564695691,0.416051633,0.415491509,D2,0.166436609
444,1770939758.181589,D2,0.792577412,0.583948367,0.581928118,D2,0.166436609
445,1770939758.225272,D1,0.564816075,0.416055761,0.415499032,D2,0.166455967
445,1770939758.225272,D2,0.792732908,0.583944239,0.581954999,D2,0.166455967
446,1770939758.268435,D1,0.564970910,0.416107610,0.415507146,D2,0.166473685
446,1770939758.268435,D2,0.792781018,0.583892390,0.581980831,D2,0.166473685
447,1770939758.312677,D1,0.565160046,0.416126826,0.415515409,D2,0.166490654
447,1770939758.312677,D2,0.792983700,0.583873174,0.582006062,D2,0.166490654
448,1770939758.355787,D1,0.565216429,0.416074348,0.415522861,D2,0.166508796
448,1770939758.355787,D2,0.793234125,0.583925652,0.582031657,D2,0.166508796
449,1770939758.397139,D1,0.565501651,0.416106886,0.415530648,D2,0.166525828
449,1770939758.397139,D2,0.793528133,0.583893114,0.582056476,D2,0.166525828
450,1770939758.440580,D1,0.565521593,0.416066142,0.415537788,D2,0.166543720
450,1770939758.440580,D2,0.793689204,0.583933858,0.582081508,D2,0.166543720
451,1770939758.483513,D1,0.565671701,0.416105485,0.415545357,D2,0.166560324
451,1770939758.483513,D2,0.793771328,0.583894515,0.582105682,D2,0.166560324
452,1770939758.541042,D1,0.565740252,0.416114662,0.415552948,D2,0.166576462
452,1770939758.541042,D2,0.793837535,0.583885338,0.582129410,D2,0.166576462
453,1770939758.583362,D1,0.565814974,0.416095923,0.415560188,D2,0.166592885
453,1770939758.583362,D2,0.794003621,0.583904077,0.582153072,D2,0.166592885
454,1770939758.627247,D1,0.565893310,0.416124515,0.415567712,D2,0.166608326
454,1770939758.627247,D2,0.794020106,0.583875485,0.582176038,D2,0.166608326
455,1770939758.669571,D1,0.565899007,0.416145322,0.415575414,D2,0.166623006
455,1770939758.669571,D2,0.793960101,0.583854678,0.582198420,D2,0.166623006
456,1770939758.713653,D1,0.566029815,0.416174207,0.415583398,D2,0.166636721
456,1770939758.713653,D2,0.794049222,0.583825793,0.582220118,D2,0.166636721
457,1770939758.758522,D1,0.565906443,0.416070170,0.415589888,D2,0.166653026
457,1770939758.758522,D2,0.794216161,0.583929830,0.582242914,D2,0.166653026
458,1770939758.802887,D1,0.565992156,0.416041124,0.415595904,D2,0.166669889
458,1770939758.802887,D2,0.794431426,0.583958876,0.582265794,D2,0.166669889
459,1770939758.848524,D1,0.566097545,0.416026525,0.415601646,D2,0.166686917
459,1770939758.848524,D2,0.794627100,0.583973475,0.582288563,D2,0.166686917
460,1770939758.893091,D1,0.565953697,0.415868482,0.415605204,D2,0.166707932
460,1770939758.893091,D2,0.794942168,0.584131518,0.582313136,D2,0.166707932
461,1770939758.937558,D1,0.566097736,0.415914677,0.415609330,D2,0.166727435
461,1770939758.937558,D2,0.794993294,0.584085323,0.582336765,D2,0.166727435
462,1770939758.995117,D1,0.566055146,0.415810902,0.415612018,D2,0.166749445
462,1770939758.995117,D2,0.795273149,0.584189098,0.582361463,D2,0.166749445
463,1770939759.040198,D1,0.566054835,0.415789524,0.415614384,D2,0.166771732
463,1770939759.040198,D2,0.795342704,0.584210476,0.582386116,D2,0.166771732
464,1770939759.083505,D1,0.566090463,0.415803260,0.415616903,D2,0.166793355
464,1770939759.083505,D2,0.795347789,0.584196740,0.582410258,D2,0.166793355
465,1770939759.127711,D1,0.566207215,0.415759897,0.415618809,D2,0.166815846
465,1770939759.127711,D2,0.795653847,0.584240103,0.582434656,D2,0.166815846
466,1770939759.173238,D1,0.566285640,0.415802542,0.415621259,D2,0.166836901
466,1770939759.173238,D2,0.795624361,0.584197458,0.582458160,D2,0.166836901
467,1770939759.217207,D1,0.566377196,0.415846090,0.415624257,D2,0.166856513
467,1770939759.217207,D2,0.795610353,0.584153910,0.582480770,D2,0.166856513
468,1770939759.261596,D1,0.566470643,0.415851626,0.415627288,D2,0.166875716
468,1770939759.261596,D2,0.795723485,0.584148374,0.582503004,D2,0.166875716
469,1770939759.306415,D1,0.566536675,0.415865970,0.415630471,D2,0.166894281
469,1770939759.306415,D2,0.795769251,0.584134030,0.582524751,D2,0.166894281
470,1770939759.351006,D1,0.566590047,0.415992676,0.415635300,D2,0.166909219
470,1770939759.351006,D2,0.795429238,0.584007324,0.582544519,D2,0.166909219
471,1770939759.395442,D1,0.566846201,0.416123393,0.415641808,D2,0.166920472
471,1770939759.395442,D2,0.795360805,0.583876607,0.582562280,D2,0.166920472
472,1770939759.450204,D1,0.567174741,0.416238227,0.415649760,D2,0.166928513
472,1770939759.450204,D2,0.795445760,0.583761773,0.582578274,D2,0.166928513
473,1770939759.496142,D1,0.567241578,0.416221335,0.415657381,D2,0.166936897
473,1770939759.496142,D2,0.795594804,0.583778665,0.582594279,D2,0.166936897
474,1770939759.541682,D1,0.567357104,0.416211134,0.415664765,D2,0.166945442
474,1770939759.541682,D2,0.795790246,0.583788866,0.582610207,D2,0.166945442
475,1770939759.585713,D1,0.567547438,0.416210035,0.415672035,D2,0.166953902
475,1770939759.585713,D2,0.796060813,0.583789965,0.582625937,D2,0.166953902
476,1770939759.629486,D1,0.567528126,0.416270083,0.415680009,D2,0.166960647
476,1770939759.629486,D2,0.795837029,0.583729917,0.582640656,D2,0.166960647
477,1770939759.672784,D1,0.567722254,0.416332066,0.415688703,D2,0.166965650
477,1770939759.672784,D2,0.795906205,0.583667934,0.582654353,D2,0.166965650
478,1770939759.717748,D1,0.567586006,0.416282364,0.415696619,D2,0.166971912
478,1770939759.717748,D2,0.795877967,0.583717636,0.582668531,D2,0.166971912
479,1770939759.763518,D1,0.567756629,0.416284372,0.415704455,D2,0.166978037
479,1770939759.763518,D2,0.796110639,0.583715628,0.582682492,D2,0.166978037
480,1770939759.809176,D1,0.567760966,0.416282455,0.415712162,D2,0.166984131
480,1770939759.809176,D2,0.796123001,0.583717545,0.582696293,D2,0.166984131
481,1770939759.855736,D1,0.567720938,0.416257299,0.415719430,D2,0.166990814
481,1770939759.855736,D2,0.796149292,0.583742701,0.582710245,D2,0.166990814
482,1770939759.911721,D1,0.567825056,0.416296096,0.415727119,D2,0.166996374
482,1770939759.911721,D2,0.796168173,0.583703904,0.582723493,D2,0.166996374
483,1770939759.955780,D1,0.567896501,0.416326087,0.415735106,D2,0.167001060
483,1770939759.955780,D2,0.796170078,0.583673913,0.582736166,D2,0.167001060
484,1770939759.998892,D1,0.567986833,0.416396187,0.415743920,D2,0.167003814
484,1770939759.998892,D2,0.796067044,0.583603813,0.582747734,D2,0.167003814
485,1770939760.042155,D1,0.568063488,0.416371647,0.415752290,D2,0.167007186
485,1770939760.042155,D2,0.796254884,0.583628353,0.582759476,D2,0.167007186
486,1770939760.084684,D1,0.567970569,0.416327958,0.415759965,D2,0.167011678
486,1770939760.084684,D2,0.796267788,0.583672042,0.582771643,D2,0.167011678
487,1770939760.127322,D1,0.568153058,0.416343004,0.415767739,D2,0.167015709
487,1770939760.127322,D2,0.796474312,0.583656996,0.582783448,D2,0.167015709
488,1770939760.170190,D1,0.568114043,0.416251383,0.415774188,D2,0.167022129
488,1770939760.170190,D2,0.796719965,0.583748617,0.582796317,D2,0.167022129
489,1770939760.216570,D1,0.568190650,0.416216541,0.415780086,D2,0.167029393
489,1770939760.216570,D2,0.796941665,0.583783459,0.582809479,D2,0.167029393
490,1770939760.265529,D1,0.568213854,0.416142045,0.415784912,D2,0.167038547
490,1770939760.265529,D2,0.797218602,0.583857955,0.582823459,D2,0.167038547
491,1770939760.308092,D1,0.568255536,0.416148244,0.415789756,D2,0.167047413
491,1770939760.308092,D2,0.797256740,0.583851756,0.582837169,D2,0.167047413
492,1770939760.362811,D1,0.568458043,0.416186307,0.415795044,D2,0.167055146
492,1770939760.362811,D2,0.797415925,0.583813693,0.582850190,D2,0.167055146
493,1770939760.408191,D1,0.568501713,0.416177823,0.415800147,D2,0.167063002
493,1770939760.408191,D2,0.797505030,0.583822177,0.582863149,D2,0.167063002
494,1770939760.452220,D1,0.568568637,0.416111148,0.415804294,D2,0.167072531
494,1770939760.452220,D2,0.797817822,0.583888852,0.582876825,D2,0.167072531
495,1770939760.496185,D1,0.568535268,0.416061042,0.415807717,D2,0.167083270
495,1770939760.496185,D2,0.797935541,0.583938958,0.582890987,D2,0.167083270
496,1770939760.539869,D1,0.568546119,0.416085219,0.415811417,D2,0.167093220
496,1770939760.539869,D2,0.797871367,0.583914781,0.582904638,D2,0.167093220
497,1770939760.584484,D1,0.568796659,0.416190993,0.415816478,D2,0.167100218
497,1770939760.584484,D2,0.797875536,0.583809007,0.582916696,D2,0.167100218
498,1770939760.628835,D1,0.568915330,0.416261261,0.415822409,D2,0.167105248
498,1770939760.628835,D2,0.797811250,0.583738739,0.582927657,D2,0.167105248
499,1770939760.672921,D1,0.568920378,0.416221153,0.415827725,D2,0.167111280
499,1770939760.672921,D2,0.797950032,0.583778847,0.582939006,D2,0.167111280
500,1770939760.716846,D1,0.569056096,0.416282244,0.415833786,D2,0.167115604
500,1770939760.716846,D2,0.797939744,0.583717756,0.582949389,D2,0.167115604
501,1770939760.761051,D1,0.569046924,0.416249499,0.415839329,D2,0.167120742
501,1770939760.761051,D2,0.798034420,0.583750501,0.582960071,D2,0.167120742
502,1770939760.818244,D1,0.569018385,0.416272927,0.415845110,D2,0.167125188
502,1770939760.818244,D2,0.797917461,0.583727073,0.582970297,D2,0.167125188
503,1770939760.864894,D1,0.569157745,0.416342440,0.415851741,D2,0.167127720
503,1770939760.864894,D2,0.797884599,0.583657560,0.582979461,D2,0.167127720
504,1770939760.910196,D1,0.569122889,0.416334332,0.415858175,D2,0.167130435
504,1770939760.910196,D2,0.797862357,0.583665668,0.582988610,D2,0.167130435
505,1770939760.953498,D1,0.569215509,0.416354348,0.415864791,D2,0.167132580
505,1770939760.953498,D2,0.797926472,0.583645652,0.582997371,D2,0.167132580
506,1770939760.998388,D1,0.569246458,0.416353041,0.415871301,D2,0.167134731
506,1770939760.998388,D2,0.797974150,0.583646959,0.583006032,D2,0.167134731
507,1770939761.043178,D1,0.569188732,0.416334266,0.415877474,D2,0.167137354
507,1770939761.043178,D2,0.797954880,0.583665734,0.583014828,D2,0.167137354
508,1770939761.089043,D1,0.569343365,0.416388355,0.415884286,D2,0.167138500
508,1770939761.089043,D2,0.797994021,0.583611645,0.583022786,D2,0.167138500
509,1770939761.133749,D1,0.569215906,0.416348141,0.415890470,D2,0.167140703
509,1770939761.133749,D2,0.797947414,0.583651859,0.583031173,D2,0.167140703
510,1770939761.179218,D1,0.569271198,0.416359027,0.415896718,D2,0.167142586
510,1770939761.179218,D2,0.797989174,0.583640973,0.583039304,D2,0.167142586
511,1770939761.223781,D1,0.569354424,0.416317008,0.415902322,D2,0.167145565
511,1770939761.223781,D2,0.798243857,0.583682992,0.583047886,D2,0.167145565
512,1770939761.283892,D1,0.569319438,0.416314976,0.415907824,D2,0.167148558
512,1770939761.283892,D2,0.798201481,0.583685024,0.583056382,D2,0.167148558
513,1770939761.330304,D1,0.569440783,0.416353573,0.415913767,D2,0.167150482
513,1770939761.330304,D2,0.798244808,0.583646427,0.583064249,D2,0.167150482
514,1770939761.376755,D1,0.569590584,0.416389133,0.415920105,D2,0.167151432
514,1770939761.376755,D2,0.798337967,0.583610867,0.583071537,D2,0.167151432
515,1770939761.423217,D1,0.569760262,0.416432451,0.415926937,D2,0.167151214
515,1770939761.423217,D2,0.798433451,0.583567549,0.583078151,D2,0.167151214
516,1770939761.469525,D1,0.569773365,0.416454987,0.415933977,D2,0.167150398
516,1770939761.469525,D2,0.798377774,0.583545013,0.583084375,D2,0.167150398
517,1770939761.516452,D1,0.569826214,0.416436211,0.415940674,D2,0.167150094
517,1770939761.516452,D2,0.798513518,0.583563789,0.583090768,D2,0.167150094
518,1770939761.560622,D1,0.569831727,0.416443659,0.415947380,D2,0.167149595
518,1770939761.560622,D2,0.798496771,0.583556341,0.583096975,D2,0.167149595
519,1770939761.604444,D1,0.569945128,0.416529532,0.415955142,D2,0.167146813
519,1770939761.604444,D2,0.798373525,0.583470468,0.583101955,D2,0.167146813
520,1770939761.648319,D1,0.570154942,0.416554566,0.415963135,D2,0.167143400
520,1770939761.648319,D2,0.798585167,0.583445434,0.583106535,D2,0.167143400
521,1770939761.693929,D1,0.570169370,0.416566490,0.415971179,D2,0.167139715
521,1770939761.693929,D2,0.798566194,0.583433510,0.583110895,D2,0.167139715
522,1770939761.750859,D1,0.570029415,0.416516956,0.415978456,D2,0.167137400
522,1770939761.750859,D2,0.798532913,0.583483044,0.583115857,D2,0.167137400
523,1770939761.796235,D1,0.569982935,0.416400851,0.415984088,D2,0.167138212
523,1770939761.796235,D2,0.798849367,0.583599149,0.583122300,D2,0.167138212
524,1770939761.841307,D1,0.570072186,0.416410927,0.415989779,D2,0.167138745
524,1770939761.841307,D2,0.798941327,0.583589073,0.583128524,D2,0.167138745
525,1770939761.891534,D1,0.570121194,0.416412029,0.415995409,D2,0.167139241
525,1770939761.891534,D2,0.799006386,0.583587971,0.583134650,D2,0.167139241
526,1770939761.934958,D1,0.570213831,0.416478371,0.416001849,D2,0.167137961
526,1770939761.934958,D2,0.798918087,0.583521629,0.583139810,D2,0.167137961
527,1770939761.978354,D1,0.570318854,0.416568935,0.416009410,D2,0.167134283
527,1770939761.978354,D2,0.798767522,0.583431065,0.583143693,D2,0.167134283
528,1770939762.021464,D1,0.570348493,0.416561805,0.416016775,D2,0.167130845
528,1770939762.021464,D2,0.798832470,0.583438195,0.583147620,D2,0.167130845
529,1770939762.065584,D1,0.570392589,0.416531922,0.416023644,D2,0.167128249
529,1770939762.065584,D2,0.798992468,0.583468078,0.583151893,D2,0.167128249
530,1770939762.108558,D1,0.570112164,0.416476707,0.416029685,D2,0.167127160
530,1770939762.108558,D2,0.798781111,0.583523293,0.583156845,D2,0.167127160
531,1770939762.150501,D1,0.570067828,0.416461662,0.416035444,D2,0.167126487
531,1770939762.150501,D2,0.798768441,0.583538338,0.583161931,D2,0.167126487
532,1770939762.205867,D1,0.570087789,0.416548611,0.416042287,D2,0.167123504
532,1770939762.205867,D2,0.798510675,0.583451389,0.583165791,D2,0.167123504
533,1770939762.249225,D1,0.570125128,0.416578585,0.416049437,D2,0.167119762
533,1770939762.249225,D2,0.798464492,0.583421415,0.583169199,D2,0.167119762
534,1770939762.292060,D1,0.570022835,0.416501034,0.416055459,D2,0.167118137
534,1770939762.292060,D2,0.798576010,0.583498966,0.583173596,D2,0.167118137
535,1770939762.335205,D1,0.570250351,0.416592746,0.416062622,D2,0.167114089
535,1770939762.335205,D2,0.798593337,0.583407254,0.583176711,D2,0.167114089
536,1770939762.379976,D1,0.570279646,0.416657054,0.416070548,D2,0.167108380
536,1770939762.379976,D2,0.798423080,0.583342946,0.583178928,D2,0.167108380
537,1770939762.422739,D1,0.570198214,0.416594582,0.416077535,D2,0.167104412
537,1770939762.422739,D2,0.798514291,0.583405418,0.583181948,D2,0.167104412
538,1770939762.465059,D1,0.570454301,0.416684058,0.416085622,D2,0.167098112
538,1770939762.465059,D2,0.798578877,0.583315942,0.583183734,D2,0.167098112
539,1770939762.508537,D1,0.570487138,0.416685786,0.416093624,D2,0.167091849
539,1770939762.508537,D2,0.798619170,0.583314214,0.583185474,D2,0.167091849
540,1770939762.551211,D1,0.570610872,0.416751810,0.416102400,D2,0.167083910
540,1770939762.551211,D2,0.798575434,0.583248190,0.583186310,D2,0.167083910
541,1770939762.593787,D1,0.570743267,0.416763344,0.416111213,D2,0.167075769
541,1770939762.593787,D2,0.798722823,0.583236656,0.583186981,D2,0.167075769
542,1770939762.650157,D1,0.570852896,0.416838472,0.416120910,D2,0.167065732
542,1770939762.650157,D2,0.798629371,0.583161528,0.583186642,D2,0.167065732
543,1770939762.694089,D1,0.570951902,0.416902854,0.416131336,D2,0.167054113
543,1770939762.694089,D2,0.798556357,0.583097146,0.583185449,D2,0.167054113
544,1770939762.738223,D1,0.570960238,0.416914629,0.416141780,D2,0.167042335
544,1770939762.738223,D2,0.798529335,0.583085371,0.583184114,D2,0.167042335
545,1770939762.782816,D1,0.571061156,0.416997295,0.416153186,D2,0.167028509
545,1770939762.782816,D2,0.798398939,0.583002705,0.583181696,D2,0.167028509
546,1770939762.826235,D1,0.570982959,0.417036715,0.416164967,D2,0.167013817
546,1770939762.826235,D2,0.798160187,0.582963285,0.583178783,D2,0.167013817
547,1770939762.868711,D1,0.570942373,0.416996342,0.416176052,D2,0.167000397
547,1770939762.868711,D2,0.798235998,0.583003658,0.583176448,D2,0.167000397
548,1770939762.910774,D1,0.570888459,0.416971640,0.416186660,D2,0.166987814
548,1770939762.910774,D2,0.798241726,0.583028360,0.583174474,D2,0.166987814
549,1770939762.952398,D1,0.571025578,0.417038419,0.416198016,D2,0.166973619
549,1770939762.952398,D2,0.798214167,0.582961581,0.583171635,D2,0.166973619
550,1770939762.994292,D1,0.570895956,0.417040168,0.416209245,D2,0.166959566
550,1770939762.994292,D2,0.798027232,0.582959832,0.583168811,D2,0.166959566
551,1770939763.036377,D1,0.570800590,0.417020329,0.416220060,D2,0.166946230
551,1770939763.036377,D2,0.797959038,0.582979671,0.583166289,D2,0.166946230
552,1770939763.092302,D1,0.570827372,0.417066981,0.416231352,D2,0.166931827
552,1770939763.092302,D2,0.797843364,0.582933019,0.583163179,D2,0.166931827
553,1770939763.135694,D1,0.570813389,0.417013876,0.416241785,D2,0.166919033
553,1770939763.135694,D2,0.797998113,0.582986124,0.583160818,D2,0.166919033
554,1770939763.181445,D1,0.570760451,0.417044327,0.416252486,D2,0.166905597
554,1770939763.181445,D2,0.797824167,0.582955673,0.583158083,D2,0.166905597
555,1770939763.226346,D1,0.570581413,0.417000532,0.416262460,D2,0.166893508
555,1770939763.226346,D2,0.797717591,0.582999468,0.583155968,D2,0.166893508
556,1770939763.270665,D1,0.570735623,0.417017521,0.416272527,D2,0.166881128
556,1770939763.270665,D2,0.797877433,0.582982479,0.583153655,D2,0.166881128
557,1770939763.316359,D1,0.570676762,0.416977491,0.416281927,D2,0.166869980
557,1770939763.316359,D2,0.797926518,0.583022509,0.583151907,D2,0.166869980
558,1770939763.360325,D1,0.570783703,0.416994919,0.416291434,D2,0.166858515
558,1770939763.360325,D2,0.798018834,0.583005081,0.583149949,D2,0.166858515
559,1770939763.407147,D1,0.570857959,0.417040852,0.416301426,D2,0.166845979
559,1770939763.407147,D2,0.797971873,0.582959148,0.583147405,D2,0.166845979
560,1770939763.451546,D1,0.570960686,0.417113174,0.416312249,D2,0.166831681
560,1770939763.451546,D2,0.797878088,0.582886826,0.583143930,D2,0.166831681
561,1770939763.495456,D1,0.571111081,0.417235157,0.416324555,D2,0.166814321
561,1770939763.495456,D2,0.797687954,0.582764843,0.583138876,D2,0.166814321
562,1770939763.551080,D1,0.571355474,0.417354345,0.416338285,D2,0.166794015
562,1770939763.551080,D2,0.797638237,0.582645655,0.583132300,D2,0.166794015
563,1770939763.594742,D1,0.571276717,0.417349125,0.416351763,D2,0.166774118
563,1770939763.594742,D2,0.797545411,0.582650875,0.583125881,D2,0.166774118
564,1770939763.637772,D1,0.571035846,0.417251869,0.416363764,D2,0.166757080
564,1770939763.637772,D2,0.797528056,0.582748131,0.583120844,D2,0.166757080
565,1770939763.681747,D1,0.570813601,0.417202251,0.416374944,D2,0.166741592
565,1770939763.681747,D2,0.797380361,0.582797749,0.583116536,D2,0.166741592
566,1770939763.723992,D1,0.570705210,0.417250713,0.416386621,D2,0.166725018
566,1770939763.723992,D2,0.797070070,0.582749287,0.583111639,D2,0.166725018
567,1770939763.766821,D1,0.570838737,0.417267033,0.416398360,D2,0.166708231
567,1770939763.766821,D2,0.797203049,0.582732967,0.583106590,D2,0.166708231
568,1770939763.808620,D1,0.570772054,0.417358780,0.416411166,D2,0.166689220
568,1770939763.808620,D2,0.796809225,0.582641220,0.583100386,D2,0.166689220
569,1770939763.852213,D1,0.570858543,0.417384520,0.416424144,D2,0.166669777
569,1770939763.852213,D2,0.796845614,0.582615480,0.583093920,D2,0.166669777
570,1770939763.899310,D1,0.570925734,0.417488693,0.416438338,D2,0.166647814
570,1770939763.899310,D2,0.796598088,0.582511307,0.583086152,D2,0.166647814
571,1770939763.942170,D1,0.570904896,0.417550487,0.416453166,D2,0.166624497
571,1770939763.942170,D2,0.796366639,0.582449513,0.583077663,D2,0.166624497
572,1770939763.998696,D1,0.570996472,0.417633510,0.416468904,D2,0.166599277
572,1770939763.998696,D2,0.796222532,0.582366490,0.583068181,D2,0.166599277
573,1770939764.041481,D1,0.571042543,0.417582734,0.416483755,D2,0.166575747
573,1770939764.041481,D2,0.796453037,0.582417266,0.583059502,D2,0.166575747
574,1770939764.083658,D1,0.570991161,0.417562863,0.416498143,D2,0.166553061
574,1770939764.083658,D2,0.796446443,0.582437137,0.583051204,D2,0.166553061
575,1770939764.127519,D1,0.571121030,0.417645818,0.416513446,D2,0.166528465
575,1770939764.127519,D2,0.796355921,0.582354182,0.583041910,D2,0.166528465
576,1770939764.172359,D1,0.571154476,0.417692197,0.416529162,D2,0.166502960
576,1770939764.172359,D2,0.796250709,0.582307803,0.583032122,D2,0.166502960
577,1770939764.218091,D1,0.571246322,0.417835293,0.416546577,D2,0.166473979
577,1770939764.218091,D2,0.795910381,0.582164707,0.583020557,D2,0.166473979
578,1770939764.261097,D1,0.571200751,0.417826486,0.416563643,D2,0.166445620
578,1770939764.261097,D2,0.795875702,0.582173514,0.583009263,D2,0.166445620
579,1770939764.305057,D1,0.571092988,0.417813206,0.416580304,D2,0.166417993
579,1770939764.305057,D2,0.795768997,0.582186794,0.582998297,D2,0.166417993
580,1770939764.358713,D1,0.571095205,0.417824054,0.416596887,D2,0.166390445
580,1770939764.358713,D2,0.795736597,0.582175946,0.582987332,D2,0.166390445
581,1770939764.401310,D1,0.571189929,0.417831152,0.416613344,D2,0.166363075
581,1770939764.401310,D2,0.795845357,0.582168848,0.582976419,D2,0.166363075
582,1770939764.455184,D1,0.571054986,0.417759076,0.416628620,D2,0.166337992
582,1770939764.455184,D2,0.795893139,0.582240924,0.582966612,D2,0.166337992
583,1770939764.496763,D1,0.571091038,0.417829796,0.416644636,D2,0.166311357
583,1770939764.496763,D2,0.795712010,0.582170204,0.582955993,D2,0.166311357
584,1770939764.540349,D1,0.571139216,0.417925547,0.416661715,D2,0.166282525
584,1770939764.540349,D2,0.795465960,0.582074453,0.582944240,D2,0.166282525
585,1770939764.584446,D1,0.571134059,0.417918934,0.416678478,D2,0.166254253
585,1770939764.584446,D2,0.795480403,0.582081066,0.582932731,D2,0.166254253
586,1770939764.626635,D1,0.571201284,0.417993781,0.416696015,D2,0.166224362
586,1770939764.626635,D2,0.795329296,0.582006219,0.582920377,D2,0.166224362
587,1770939764.670151,D1,0.571205006,0.417974587,0.416713063,D2,0.166195381
587,1770939764.670151,D2,0.795397231,0.582025413,0.582908444,D2,0.166195381
588,1770939764.712641,D1,0.571316792,0.418068859,0.416731140,D2,0.166164273
588,1770939764.712641,D2,0.795244672,0.581931141,0.582895414,D2,0.166164273
589,1770939764.754679,D1,0.571127329,0.418065916,0.416748937,D2,0.166133659
589,1770939764.754679,D2,0.794990564,0.581934084,0.582882596,D2,0.166133659
590,1770939764.796418,D1,0.571062323,0.418098512,0.416766931,D2,0.166102583
590,1770939764.796418,D2,0.794793585,0.581901488,0.582869514,D2,0.166102583
591,1770939764.839960,D1,0.571047840,0.418066782,0.416784263,D2,0.166072768
591,1770939764.839960,D2,0.794877088,0.581933218,0.582857030,D2,0.166072768
592,1770939764.895236,D1,0.571049736,0.418045171,0.416801075,D2,0.166043926
592,1770939764.895236,D2,0.794950342,0.581954829,0.582845001,D2,0.166043926
593,1770939764.939382,D1,0.571111425,0.418077110,0.416818089,D2,0.166014618
593,1770939764.939382,D2,0.794931851,0.581922890,0.582832706,D2,0.166014618
594,1770939764.981841,D1,0.571003366,0.418114479,0.416835374,D2,0.165984703
594,1770939764.981841,D2,0.794659375,0.581885521,0.582820077,D2,0.165984703
595,1770939765.024718,D1,0.571015578,0.418232489,0.416854002,D2,0.165952041
595,1770939765.024718,D2,0.794291025,0.581767511,0.582806043,D2,0.165952041
596,1770939765.067437,D1,0.570789776,0.418204713,0.416872012,D2,0.165920555
596,1770939765.067437,D2,0.794067573,0.581795287,0.582792566,D2,0.165920555
597,1770939765.109538,D1,0.570798291,0.418232215,0.416890148,D2,0.165888755
597,1770939765.109538,D2,0.793989667,0.581767785,0.582778902,D2,0.165888755
598,1770939765.153384,D1,0.570868872,0.418275051,0.416908613,D2,0.165856237
598,1770939765.153384,D2,0.793948060,0.581724949,0.582764850,D2,0.165856237
599,1770939765.197049,D1,0.570753244,0.418234684,0.416926294,D2,0.165825229
599,1770939765.197049,D2,0.793918952,0.581765316,0.582751523,D2,0.165825229
600,1770939765.241134,D1,0.570602267,0.418248902,0.416943929,D2,0.165794255
600,1770939765.241134,D2,0.793662563,0.581751098,0.582738184,D2,0.165794255
601,1770939765.285180,D1,0.570550042,0.418318348,0.416962254,D2,0.165761842
601,1770939765.285180,D2,0.793363456,0.581681652,0.582724096,D2,0.165761842
602,1770939765.342922,D1,0.570645610,0.418452255,0.416982121,D2,0.165726291
602,1770939765.342922,D2,0.793059816,0.581547745,0.582708412,D2,0.165726291
603,1770939765.388144,D1,0.570737254,0.418571580,0.417003314,D2,0.165688031
603,1770939765.388144,D2,0.792798353,0.581428420,0.582691345,D2,0.165688031
604,1770939765.431227,D1,0.570716261,0.418570045,0.417024203,D2,0.165650323
604,1770939765.431227,D2,0.792774193,0.581429955,0.582674527,D2,0.165650323
605,1770939765.474715,D1,0.570731426,0.418658668,0.417045996,D2,0.165610754
605,1770939765.474715,D2,0.792506622,0.581341332,0.582656751,D2,0.165610754
606,1770939765.518507,D1,0.570726373,0.418711449,0.417068202,D2,0.165570306
606,1770939765.518507,D2,0.792327765,0.581288551,0.582638508,D2,0.165570306
607,1770939765.562825,D1,0.570793257,0.418808190,0.417091402,D2,0.165527817
607,1770939765.562825,D2,0.792105728,0.581191810,0.582619219,D2,0.165527817
608,1770939765.609739,D1,0.570738260,0.418882881,0.417115289,D2,0.165483902
608,1770939765.609739,D2,0.791786412,0.581117119,0.582599191,D2,0.165483902
609,1770939765.654624,D1,0.570866915,0.418989289,0.417140275,D2,0.165437736
609,1770939765.654624,D2,0.791618786,0.581010711,0.582578011,D2,0.165437736
610,1770939765.706502,D1,0.570726585,0.418903290,0.417163782,D2,0.165394478
610,1770939765.706502,D2,0.791703835,0.581096710,0.582558260,D2,0.165394478
611,1770939765.750459,D1,0.570744050,0.418905527,0.417187005,D2,0.165351738
611,1770939765.750459,D2,0.791720785,0.581094473,0.582538743,D2,0.165351738
612,1770939765.807322,D1,0.570725607,0.418949477,0.417210505,D2,0.165308395
612,1770939765.807322,D2,0.791552278,0.581050523,0.582518900,D2,0.165308395
613,1770939765.849802,D1,0.570694891,0.419052827,0.417235069,D2,0.165262875
613,1770939765.849802,D2,0.791173720,0.580947173,0.582497944,D2,0.165262875
614,1770939765.895068,D1,0.570691674,0.419080077,0.417259669,D2,0.165217234
614,1770939765.895068,D2,0.791080705,0.580919923,0.582476904,D2,0.165217234
615,1770939765.939325,D1,0.570689724,0.419124021,0.417284527,D2,0.165171031
615,1770939765.939325,D2,0.790935226,0.580875979,0.582455558,D2,0.165171031
616,1770939765.982252,D1,0.570745768,0.419194103,0.417309988,D2,0.165123574
616,1770939765.982252,D2,0.790785237,0.580805897,0.582433562,D2,0.165123574
617,1770939766.025729,D1,0.570763908,0.419230234,0.417335592,D2,0.165075787
617,1770939766.025729,D2,0.790693023,0.580769766,0.582411379,D2,0.165075787
618,1770939766.071378,D1,0.570663206,0.419291258,0.417361667,D2,0.165027009
618,1770939766.071378,D2,0.790355408,0.580708742,0.582388677,D2,0.165027009
619,1770939766.117013,D1,0.570628592,0.419259812,0.417386976,D2,0.164979721
619,1770939766.117013,D2,0.790409540,0.580740188,0.582366697,D2,0.164979721
620,1770939766.158540,D1,0.570535343,0.419284191,0.417412272,D2,0.164932413
620,1770939766.158540,D2,0.790201255,0.580715809,0.582344685,D2,0.164932413
621,1770939766.201532,D1,0.570492149,0.419297951,0.417437414,D2,0.164885369
621,1770939766.201532,D2,0.790096778,0.580702049,0.582322783,D2,0.164885369
622,1770939766.254948,D1,0.570547960,0.419397302,0.417463546,D2,0.164836302
622,1770939766.254948,D2,0.789851730,0.580602698,0.582299849,D2,0.164836302
623,1770939766.298038,D1,0.570617819,0.419425141,0.417489701,D2,0.164787148
623,1770939766.298038,D2,0.789858135,0.580574859,0.582276849,D2,0.164787148
624,1770939766.340757,D1,0.570507515,0.419379144,0.417514893,D2,0.164739876
624,1770939766.340757,D2,0.789854639,0.580620856,0.582254769,D2,0.164739876
625,1770939766.384954,D1,0.570670851,0.419414419,0.417540220,D2,0.164692293
625,1770939766.384954,D2,0.789966324,0.580585581,0.582232513,D2,0.164692293
626,1770939766.428286,D1,0.570618980,0.419492631,0.417566253,D2,0.164643259
626,1770939766.428286,D2,0.789640862,0.580507369,0.582209511,D2,0.164643259
627,1770939766.472753,D1,0.570664654,0.419546539,0.417592656,D2,0.164593441
627,1770939766.472753,D2,0.789529272,0.580453461,0.582186097,D2,0.164593441
628,1770939766.516512,D1,0.570566336,0.419568716,0.417619004,D2,0.164543696
628,1770939766.516512,D2,0.789321363,0.580431284,0.582162700,D2,0.164543696
629,1770939766.558596,D1,0.570276875,0.419462011,0.417643577,D2,0.164497460
629,1770939766.558596,D2,0.789266683,0.580537989,0.582141037,D2,0.164497460
630,1770939766.602755,D1,0.570186166,0.419472545,0.417667964,D2,0.164451559
630,1770939766.602755,D2,0.789107006,0.580527455,0.582119522,D2,0.164451559
631,1770939766.647324,D1,0.570018170,0.419463856,0.417691909,D2,0.164406502
631,1770939766.647324,D2,0.788902655,0.580536144,0.582098411,D2,0.164406502
632,1770939766.701606,D1,0.569853977,0.419390701,0.417714559,D2,0.164363997
632,1770939766.701606,D2,0.788912386,0.580609299,0.582078556,D2,0.164363997
633,1770939766.745498,D1,0.569770747,0.419406799,0.417737123,D2,0.164321629
633,1770939766.745498,D2,0.788745014,0.580593201,0.582058751,D2,0.164321629
634,1770939766.790695,D1,0.569636669,0.419375468,0.417758967,D2,0.164280661
634,1770939766.790695,D2,0.788660876,0.580624532,0.582039628,D2,0.164280661
635,1770939766.833669,D1,0.569564384,0.419422633,0.417781149,D2,0.164238982
635,1770939766.833669,D2,0.788408073,0.580577367,0.582020131,D2,0.164238982
636,1770939766.876953,D1,0.569351476,0.419374092,0.417802389,D2,0.164199153
636,1770939766.876953,D2,0.788270480,0.580625908,0.582001542,D2,0.164199153
637,1770939766.921540,D1,0.569269652,0.419389372,0.417823548,D2,0.164159448
637,1770939766.921540,D2,0.788107740,0.580610628,0.581982996,D2,0.164159448
638,1770939766.964714,D1,0.569229377,0.419476202,0.417845584,D2,0.164117957
638,1770939766.964714,D2,0.787771030,0.580523798,0.581963540,D2,0.164117957
639,1770939767.006027,D1,0.569274708,0.419569756,0.417868573,D2,0.164074524
639,1770939767.006027,D2,0.787531164,0.580430244,0.581943096,D2,0.164074524
640,1770939767.048501,D1,0.569240240,0.419611357,0.417891810,D2,0.164030560
640,1770939767.048501,D2,0.787348971,0.580388643,0.581922370,D2,0.164030560
641,1770939767.091437,D1,0.569136492,0.419640265,0.417915123,D2,0.163986413
641,1770939767.091437,D2,0.787112038,0.580359735,0.581901535,D2,0.163986413
642,1770939767.143239,D1,0.569040948,0.419663803,0.417938438,D2,0.163942226
642,1770939767.143239,D2,0.786903842,0.580336197,0.581880664,D2,0.163942226
643,1770939767.186639,D1,0.568969531,0.419624830,0.417960924,D2,0.163899667
643,1770939767.186639,D2,0.786931004,0.580375170,0.581860591,D2,0.163899667
644,1770939767.229126,D1,0.568935620,0.419703742,0.417984161,D2,0.163855572
644,1770939767.229126,D2,0.786629181,0.580296258,0.581839733,D2,0.163855572
645,1770939767.271733,D1,0.568672138,0.419745419,0.418007645,D2,0.163810953
645,1770939767.271733,D2,0.786130351,0.580254581,0.581818598,D2,0.163810953
646,1770939767.314620,D1,0.568541351,0.419736217,0.418030692,D2,0.163767175
646,1770939767.314620,D2,0.785979246,0.580263783,0.581797867,D2,0.163767175
647,1770939767.358578,D1,0.568461238,0.419804715,0.418054346,D2,0.163722153
647,1770939767.358578,D2,0.785647514,0.580195285,0.581776499,D2,0.163722153
648,1770939767.403144,D1,0.568291293,0.419737594,0.418076789,D2,0.163679522
648,1770939767.403144,D2,0.785629111,0.580262406,0.581756311,D2,0.163679522
649,1770939767.444243,D1,0.568313822,0.419749268,0.418099089,D2,0.163637148
649,1770939767.444243,D2,0.785622600,0.580250732,0.581736237,D2,0.163637148
650,1770939767.487262,D1,0.568281734,0.419874115,0.418122756,D2,0.163592009
650,1770939767.487262,D2,0.785175679,0.580125885,0.581714765,D2,0.163592009
651,1770939767.528822,D1,0.568257892,0.419895078,0.418146387,D2,0.163546914
651,1770939767.528822,D2,0.785075169,0.580104922,0.581693301,D2,0.163546914
652,1770939767.581068,D1,0.568203568,0.419876192,0.418169451,D2,0.163502923
652,1770939767.581068,D2,0.785060986,0.580123808,0.581672374,D2,0.163502923
653,1770939767.622067,D1,0.568006760,0.419839265,0.418191715,D2,0.163460504
653,1770939767.622067,D2,0.784908050,0.580160735,0.581652219,D2,0.163460504
654,1770939767.665218,D1,0.567903398,0.419900716,0.418214502,D2,0.163417011
654,1770939767.665218,D2,0.784567261,0.580099284,0.581631513,D2,0.163417011
655,1770939767.706760,D1,0.567605433,0.419743901,0.418234894,D2,0.163378281
655,1770939767.706760,D2,0.784660632,0.580256099,0.581613174,D2,0.163378281
656,1770939767.747177,D1,0.567560034,0.419801627,0.418255784,D2,0.163338527
656,1770939767.747177,D2,0.784411938,0.580198373,0.581594310,D2,0.163338527
657,1770939767.788506,D1,0.567487080,0.419774329,0.418276031,D2,0.163300031
657,1770939767.788506,D2,0.784399018,0.580225671,0.581576062,D2,0.163300031
658,1770939767.830665,D1,0.567461195,0.419799994,0.418296350,D2,0.163261364
658,1770939767.830665,D2,0.784280594,0.580200006,0.581557714,D2,0.163261364
659,1770939767.873652,D1,0.567494509,0.419861448,0.418317218,D2,0.163221574
659,1770939767.873652,D2,0.784128775,0.580138552,0.581538792,D2,0.163221574
660,1770939767.914762,D1,0.567456699,0.419899443,0.418338315,D2,0.163181301
660,1770939767.914762,D2,0.783954237,0.580100557,0.581519616,D2,0.163181301
661,1770939767.953804,D1,0.567380286,0.419921621,0.418359425,D2,0.163140974
661,1770939767.953804,D2,0.783777305,0.580078379,0.581500399,D2,0.163140974
662,1770939768.005445,D1,0.567196179,0.419925157,0.418380302,D2,0.163101090
662,1770939768.005445,D2,0.783511605,0.580074843,0.581481392,D2,0.163101090
663,1770939768.045998,D1,0.567110048,0.419975459,0.418401571,D2,0.163060397
663,1770939768.045998,D2,0.783230874,0.580024541,0.581461967,D2,0.163060397
664,1770939768.089810,D1,0.567224387,0.420067434,0.418423782,D2,0.163017793
664,1770939768.089810,D2,0.783093065,0.579932566,0.581441575,D2,0.163017793
665,1770939768.133009,D1,0.567091101,0.420016730,0.418445021,D2,0.162977110
665,1770939768.133009,D2,0.783072023,0.579983270,0.581422131,D2,0.162977110
666,1770939768.176214,D1,0.566827511,0.419973103,0.418465396,D2,0.162938132
666,1770939768.176214,D2,0.782848235,0.580026897,0.581403528,D2,0.162938132
667,1770939768.218875,D1,0.566833261,0.420033629,0.418486306,D2,0.162898060
667,1770939768.218875,D2,0.782661690,0.579966371,0.581384366,D2,0.162898060
668,1770939768.263252,D1,0.566753354,0.420098890,0.418507807,D2,0.162856782
668,1770939768.263252,D2,0.782341746,0.579901110,0.581364589,D2,0.162856782
669,1770939768.307986,D1,0.566700918,0.420097417,0.418529002,D2,0.162816094
669,1770939768.307986,D2,0.782274094,0.579902583,0.581345096,D2,0.162816094
670,1770939768.352188,D1,0.566560101,0.420083491,0.418549728,D2,0.162776320
670,1770939768.352188,D2,0.782124419,0.579916509,0.581326048,D2,0.162776320
671,1770939768.396229,D1,0.566599381,0.420214098,0.418571920,D2,0.162733593
671,1770939768.396229,D2,0.781759430,0.579785902,0.581305513,D2,0.162733593
672,1770939768.451460,D1,0.566356260,0.420145855,0.418592905,D2,0.162693256
672,1770939768.451460,D2,0.781642900,0.579854145,0.581286161,D2,0.162693256
673,1770939768.496295,D1,0.566220478,0.420191739,0.418614223,D2,0.162652233
673,1770939768.496295,D2,0.781308340,0.579808261,0.581266456,D2,0.162652233
674,1770939768.541354,D1,0.566155208,0.420185274,0.418635171,D2,0.162611929
674,1770939768.541354,D2,0.781239009,0.579814726,0.581247099,D2,0.162611929
675,1770939768.585771,D1,0.566336558,0.420337831,0.418657873,D2,0.162568094
675,1770939768.585771,D2,0.781000077,0.579662169,0.581225967,D2,0.162568094
676,1770939768.629752,D1,0.566259332,0.420369540,0.418680695,D2,0.162523999
676,1770939768.629752,D2,0.780791960,0.579630460,0.581204694,D2,0.162523999
677,1770939768.673965,D1,0.566007361,0.420316438,0.418702505,D2,0.162481907
677,1770939768.673965,D2,0.780614637,0.579683562,0.581184412,D2,0.162481907
678,1770939768.718119,D1,0.565838057,0.420248279,0.418723115,D2,0.162442194
678,1770939768.718119,D2,0.780599477,0.579751721,0.581165309,D2,0.162442194
679,1770939768.760858,D1,0.565721640,0.420276020,0.418743821,D2,0.162402271
679,1770939768.760858,D2,0.780350021,0.579723980,0.581146091,D2,0.162402271
680,1770939768.804738,D1,0.565623899,0.420242869,0.418763808,D2,0.162363764
680,1770939768.804738,D2,0.780321364,0.579757131,0.581127572,D2,0.162363764
681,1770939768.846961,D1,0.565665606,0.420307834,0.418784395,D2,0.162324038
681,1770939768.846961,D2,0.780170851,0.579692166,0.581108433,D2,0.162324038
682,1770939768.903198,D1,0.565427791,0.420326020,0.418804950,D2,0.162284357
682,1770939768.903198,D2,0.779784650,0.579673980,0.581089307,D2,0.162284357
683,1770939768.946361,D1,0.565304312,0.420344570,0.418825478,D2,0.162244711
683,1770939768.946361,D2,0.779555005,0.579655430,0.581070189,D2,0.162244711
684,1770939768.991935,D1,0.565129368,0.420325590,0.418845480,D2,0.162206099
684,1770939768.991935,D2,0.779374468,0.579674410,0.581051578,D2,0.162206099
685,1770939769.036752,D1,0.564875501,0.420343373,0.418865452,D2,0.162167528
685,1770939769.036752,D2,0.778967504,0.579656627,0.581032979,D2,0.162167528
686,1770939769.080882,D1,0.564495440,0.420271007,0.418884192,D2,0.162131400
686,1770939769.080882,D2,0.778674635,0.579728993,0.581015593,D2,0.162131400
687,1770939769.123098,D1,0.564361268,0.420286708,0.418902892,D2,0.162095336
687,1770939769.123098,D2,0.778439390,0.579713292,0.580998229,D2,0.162095336
688,1770939769.167242,D1,0.564089456,0.420263735,0.418921037,D2,0.162060365
688,1770939769.167242,D2,0.778137840,0.579736265,0.580981402,D2,0.162060365
689,1770939769.210135,D1,0.563938354,0.420301775,0.418939447,D2,0.162024847
689,1770939769.210135,D2,0.777807951,0.579698225,0.580964293,D2,0.162024847
690,1770939769.255272,D1,0.563875568,0.420381501,0.418958674,D2,0.161987675
690,1770939769.255272,D2,0.777466920,0.579618499,0.580946350,D2,0.161987675
691,1770939769.298994,D1,0.563640399,0.420400618,0.418977900,D2,0.161950490
691,1770939769.298994,D2,0.777081700,0.579599382,0.580928390,D2,0.161950490
692,1770939769.354363,D1,0.563673752,0.420521814,0.418998486,D2,0.161910568
692,1770939769.354363,D2,0.776741260,0.579478186,0.580909054,D2,0.161910568
693,1770939769.396648,D1,0.563573607,0.420505326,0.419018577,D2,0.161871619
693,1770939769.396648,D2,0.776655806,0.579494674,0.580890195,D2,0.161871619
694,1770939769.438391,D1,0.563538775,0.420537221,0.419038826,D2,0.161832338
694,1770939769.438391,D2,0.776506164,0.579462779,0.580871163,D2,0.161832338
695,1770939769.480981,D1,0.563384594,0.420599759,0.419059638,D2,0.161791913
695,1770939769.480981,D2,0.776094522,0.579400241,0.580851551,D2,0.161791913
696,1770939769.523063,D1,0.563146010,0.420608393,0.419080288,D2,0.161751797
696,1770939769.523063,D2,0.775738377,0.579391607,0.580832085,D2,0.161751797
697,1770939769.566476,D1,0.563013196,0.420659509,0.419101344,D2,0.161710853
697,1770939769.566476,D2,0.775392769,0.579340491,0.580812197,D2,0.161710853
698,1770939769.608805,D1,0.563010509,0.420801398,0.419124012,D2,0.161666671
698,1770939769.608805,D2,0.774937776,0.579198602,0.580790683,D2,0.161666671
699,1770939769.651773,D1,0.563002218,0.420900989,0.419147705,D2,0.161620422
699,1770939769.651773,D2,0.774609790,0.579099011,0.580768127,D2,0.161620422
700,1770939769.695016,D1,0.562870255,0.420923071,0.419171376,D2,0.161574201
700,1770939769.695016,D2,0.774358073,0.579076929,0.580745578,D2,0.161574201
701,1770939769.737340,D1,0.562751419,0.421032402,0.419196190,D2,0.161525681
701,1770939769.737340,D2,0.773847420,0.578967598,0.580721871,D2,0.161525681
702,1770939769.793077,D1,0.562499334,0.420957338,0.419219672,D2,0.161479810
702,1770939769.793077,D2,0.773739005,0.579042662,0.580699482,D2,0.161479810
703,1770939769.837286,D1,0.562312059,0.420994722,0.419243339,D2,0.161433553
703,1770939769.837286,D2,0.773362784,0.579005278,0.580676892,D2,0.161433553
704,1770939769.881569,D1,0.562194233,0.420998972,0.419266748,D2,0.161387800
704,1770939769.881569,D2,0.773187253,0.579001028,0.580654547,D2,0.161387800
705,1770939769.924845,D1,0.562066289,0.420993352,0.419289769,D2,0.161342806
705,1770939769.924845,D2,0.773029116,0.579006648,0.580632576,D2,0.161342806
706,1770939769.971685,D1,0.561972979,0.421018882,0.419312824,D2,0.161297732
706,1770939769.971685,D2,0.772819838,0.578981118,0.580610556,D2,0.161297732
707,1770939770.013939,D1,0.561847924,0.421033410,0.419335765,D2,0.161252871
707,1770939770.013939,D2,0.772601814,0.578966590,0.580588637,D2,0.161252871
708,1770939770.056792,D1,0.561481758,0.420908103,0.419356730,D2,0.161211950
708,1770939770.056792,D2,0.772495312,0.579091897,0.580568680,D2,0.161211950
709,1770939770.100760,D1,0.561353616,0.420881412,0.419377059,D2,0.161172287
709,1770939770.100760,D2,0.772403589,0.579118588,0.580549345,D2,0.161172287
710,1770939770.147771,D1,0.561369991,0.420957506,0.419398131,D2,0.161131123
710,1770939770.147771,D2,0.772185018,0.579042494,0.580529254,D2,0.161131123
711,1770939770.191421,D1,0.561195791,0.421012389,0.419419655,D2,0.161089044
711,1770939770.191421,D2,0.771771613,0.578987611,0.580508699,D2,0.161089044
712,1770939770.245616,D1,0.561072737,0.421089975,0.419441926,D2,0.161045458
712,1770939770.245616,D2,0.771356839,0.578910025,0.580487383,D2,0.161045458
713,1770939770.287904,D1,0.560980128,0.421170767,0.419464977,D2,0.161000298
713,1770939770.287904,D2,0.770973968,0.578829233,0.580465275,D2,0.161000298
714,1770939770.331244,D1,0.560808536,0.421109895,0.419486909,D2,0.160957363
714,1770939770.331244,D2,0.770930619,0.578890105,0.580444272,D2,0.160957363
715,1770939770.374166,D1,0.560890086,0.421229707,0.419510146,D2,0.160911806
715,1770939770.374166,D2,0.770663878,0.578770293,0.580421953,D2,0.160911806
716,1770939770.415913,D1,0.560680486,0.421172496,0.419532311,D2,0.160868382
716,1770939770.415913,D2,0.770556694,0.578827504,0.580400693,D2,0.160868382
717,1770939770.458435,D1,0.560644844,0.421246895,0.419555172,D2,0.160823553
717,1770939770.458435,D2,0.770272609,0.578753105,0.580378725,D2,0.160823553
718,1770939770.500760,D1,0.560527091,0.421310264,0.419578573,D2,0.160777632
718,1770939770.500760,D2,0.769910686,0.578689736,0.580356206,D2,0.160777632
719,1770939770.544068,D1,0.560490077,0.421368789,0.419602443,D2,0.160730763
719,1770939770.544068,D2,0.769675069,0.578631211,0.580333206,D2,0.160730763
720,1770939770.585725,D1,0.560256505,0.421300937,0.419625090,D2,0.160686327
720,1770939770.585725,D2,0.769568464,0.578699063,0.580311417,D2,0.160686327
721,1770939770.628703,D1,0.560190969,0.421342642,0.419647990,D2,0.160641373
721,1770939770.628703,D2,0.769346831,0.578657358,0.580289363,D2,0.160641373
722,1770939770.682805,D1,0.560360575,0.421537364,0.419673182,D2,0.160591825
722,1770939770.682805,D2,0.768965418,0.578462636,0.580265007,D2,0.160591825
723,1770939770.726895,D1,0.560397740,0.421623288,0.419699183,D2,0.160540646
723,1770939770.726895,D2,0.768745494,0.578376712,0.580239829,D2,0.160540646
724,1770939770.770431,D1,0.560278157,0.421673298,0.419725505,D2,0.160488816
724,1770939770.770431,D2,0.768423850,0.578326702,0.580214321,D2,0.160488816
725,1770939770.814905,D1,0.560062427,0.421713716,0.419752014,D2,0.160436599
725,1770939770.814905,D2,0.768000677,0.578286284,0.580188614,D2,0.160436599
726,1770939770.861298,D1,0.559937374,0.421745244,0.419778591,D2,0.160384238
726,1770939770.861298,D2,0.767729938,0.578254756,0.580162829,D2,0.160384238
727,1770939770.905329,D1,0.560103339,0.421891058,0.419806757,D2,0.160328687
727,1770939770.905329,D2,0.767498486,0.578108942,0.580135444,D2,0.160328687
728,1770939770.949043,D1,0.559937215,0.421897542,0.419834634,D2,0.160273703
728,1770939770.949043,D2,0.767250453,0.578102458,0.580108337,D2,0.160273703
729,1770939770.992601,D1,0.559919175,0.422001598,0.419863527,D2,0.160216678
729,1770939770.992601,D2,0.766898489,0.577998402,0.580080205,D2,0.160216678
730,1770939771.036185,D1,0.560003812,0.422135847,0.419893825,D2,0.160156833
730,1770939771.036185,D2,0.766592391,0.577864153,0.580050658,D2,0.160156833
731,1770939771.078537,D1,0.559771377,0.422129369,0.419923632,D2,0.160097959
731,1770939771.078537,D2,0.766294560,0.577870631,0.580021591,D2,0.160097959
732,1770939771.133000,D1,0.559663299,0.422119581,0.419952911,D2,0.160040130
732,1770939771.133000,D2,0.766177348,0.577880419,0.579993042,D2,0.160040130
733,1770939771.176716,D1,0.559436638,0.422132735,0.419981975,D2,0.159982722
733,1770939771.176716,D2,0.765825754,0.577867265,0.579964698,D2,0.159982722
734,1770939771.220805,D1,0.559242480,0.422161563,0.420011037,D2,0.159925311
734,1770939771.220805,D2,0.765469501,0.577838437,0.579936348,D2,0.159925311
735,1770939771.265255,D1,0.559170966,0.422290893,0.420041435,D2,0.159865216
735,1770939771.265255,D2,0.764965961,0.577709107,0.579906651,D2,0.159865216
736,1770939771.314133,D1,0.559034261,0.422244888,0.420070814,D2,0.159807150
736,1770939771.314133,D2,0.764923180,0.577755112,0.579877964,D2,0.159807150
737,1770939771.360797,D1,0.558859512,0.422272904,0.420100175,D2,0.159749110
737,1770939771.360797,D2,0.764596261,0.577727096,0.579849286,D2,0.159749110
738,1770939771.405792,D1,0.558763267,0.422340928,0.420130052,D2,0.159690031
738,1770939771.405792,D2,0.764251457,0.577659072,0.579820083,D2,0.159690031
739,1770939771.450720,D1,0.558670363,0.422408903,0.420160437,D2,0.159629926
739,1770939771.450720,D2,0.763911522,0.577591097,0.579790363,D2,0.159629926
740,1770939771.493829,D1,0.558545257,0.422388139,0.420190139,D2,0.159571177
740,1770939771.493829,D2,0.763805455,0.577611861,0.579761316,D2,0.159571177
741,1770939771.538054,D1,0.558306812,0.422356087,0.420219019,D2,0.159514066
741,1770939771.538054,D2,0.763579693,0.577643913,0.579733084,D2,0.159514066
742,1770939771.593017,D1,0.558146033,0.422433790,0.420248549,D2,0.159455644
742,1770939771.593017,D2,0.763116721,0.577566210,0.579704193,D2,0.159455644
743,1770939771.638133,D1,0.557775689,0.422307500,0.420276002,D2,0.159401368
743,1770939771.638133,D2,0.763005233,0.577692500,0.579677370,D2,0.159401368
744,1770939771.684772,D1,0.557575269,0.422325175,0.420303324,D2,0.159347346
744,1770939771.684772,D2,0.762675813,0.577674825,0.579650670,D2,0.159347346
745,1770939771.730315,D1,0.557590747,0.422489582,0.420332474,D2,0.159289659
745,1770939771.730315,D2,0.762183210,0.577510418,0.579622133,D2,0.159289659
746,1770939771.775820,D1,0.557532632,0.422479085,0.420361096,D2,0.159233021
746,1770939771.775820,D2,0.762136558,0.577520915,0.579594117,D2,0.159233021
747,1770939771.820569,D1,0.557311556,0.422455732,0.420389024,D2,0.159177761
747,1770939771.820569,D2,0.761907272,0.577544268,0.579566785,D2,0.159177761
748,1770939771.865473,D1,0.557231518,0.422477973,0.420416877,D2,0.159122645
748,1770939771.865473,D2,0.761728412,0.577522027,0.579539522,D2,0.159122645
749,1770939771.910042,D1,0.557309696,0.422594655,0.420445914,D2,0.159065152
749,1770939771.910042,D2,0.761471053,0.577405345,0.579511066,D2,0.159065152
750,1770939771.952336,D1,0.557073845,0.422568426,0.420474214,D2,0.159009126
750,1770939771.952336,D2,0.761230624,0.577431574,0.579483340,D2,0.159009126
751,1770939771.997054,D1,0.556751704,0.422642311,0.420503122,D2,0.158951876
751,1770939771.997054,D2,0.760560099,0.577357689,0.579454998,D2,0.158951876
752,1770939772.051588,D1,0.556678841,0.422703082,0.420532455,D2,0.158893769
752,1770939772.051588,D2,0.760271199,0.577296918,0.579426223,D2,0.158893769
753,1770939772.094636,D1,0.556533728,0.422701874,0.420561380,D2,0.158836468
753,1770939772.094636,D2,0.760076777,0.577298126,0.579397849,D2,0.158836468
754,1770939772.138613,D1,0.556497207,0.422834945,0.420591694,D2,0.158776384
754,1770939772.138613,D2,0.759612574,0.577165055,0.579368078,D2,0.158776384
755,1770939772.181634,D1,0.556378717,0.422808223,0.420621248,D2,0.158717812
755,1770939772.181634,D2,0.759533998,0.577191777,0.579339061,D2,0.158717812
756,1770939772.225125,D1,0.556294583,0.422896919,0.420651590,D2,0.158657657
756,1770939772.225125,D2,0.759143194,0.577103081,0.579309248,D2,0.158657657
757,1770939772.268031,D1,0.556115568,0.422923030,0.420681876,D2,0.158597608
757,1770939772.268031,D2,0.758817713,0.577076970,0.579279484,D2,0.158597608
758,1770939772.309535,D1,0.555904526,0.422913424,0.420711630,D2,0.158538615
758,1770939772.309535,D2,0.758559604,0.577086576,0.579250245,D2,0.158538615
759,1770939772.352430,D1,0.555675816,0.422917737,0.420741045,D2,0.158480294
759,1770939772.352430,D2,0.758234117,0.577082263,0.579221339,D2,0.158480294
760,1770939772.395559,D1,0.555380132,0.422892644,0.420769733,D2,0.158423419
760,1770939772.395559,D2,0.757908570,0.577107356,0.579193152,D2,0.158423419
761,1770939772.435728,D1,0.555271314,0.422925066,0.420798471,D2,0.158366439
761,1770939772.435728,D2,0.757659413,0.577074934,0.579164909,D2,0.158366439
762,1770939772.488727,D1,0.555063816,0.422925595,0.420826832,D2,0.158310203
762,1770939772.488727,D2,0.757374643,0.577074405,0.579137036,D2,0.158310203
763,1770939772.530211,D1,0.554737527,0.422868294,0.420854052,D2,0.158256246
763,1770939772.530211,D2,0.757107165,0.577131706,0.579110298,D2,0.158256246
764,1770939772.573773,D1,0.554731553,0.422998227,0.420882641,D2,0.158199544
764,1770939772.573773,D2,0.756696053,0.577001773,0.579082184,D2,0.158199544
765,1770939772.618376,D1,0.554543382,0.422971877,0.420910497,D2,0.158144300
765,1770939772.618376,D2,0.756521045,0.577028123,0.579054797,D2,0.158144300
766,1770939772.662490,D1,0.554406409,0.423095598,0.420939632,D2,0.158086493
766,1770939772.662490,D2,0.755950900,0.576904402,0.579026125,D2,0.158086493
767,1770939772.704773,D1,0.554440306,0.423213527,0.420969951,D2,0.158026312
767,1770939772.704773,D2,0.755631965,0.576786473,0.578996263,D2,0.158026312
768,1770939772.748419,D1,0.554461959,0.423388040,0.421002192,D2,0.157962280
768,1770939772.748419,D2,0.755121465,0.576611960,0.578964472,D2,0.157962280
769,1770939772.789060,D1,0.554261770,0.423494304,0.421035420,D2,0.157896269
769,1770939772.789060,D2,0.754520344,0.576505696,0.578931689,D2,0.157896269
770,1770939772.832189,D1,0.553937135,0.423476649,0.421067970,D2,0.157831608
770,1770939772.832189,D2,0.754132946,0.576523351,0.578899577,D2,0.157831608
771,1770939772.875601,D1,0.553689111,0.423516590,0.421100618,D2,0.157766744
771,1770939772.875601,D2,0.753671980,0.576483410,0.578867362,D2,0.157766744
772,1770939772.927792,D1,0.553300450,0.423510362,0.421132748,D2,0.157702911
772,1770939772.927792,D2,0.753162152,0.576489638,0.578835659,D2,0.157702911
773,1770939772.970139,D1,0.553037801,0.423486367,0.421164130,D2,0.157640569
773,1770939772.970139,D2,0.752878621,0.576513633,0.578804699,D2,0.157640569
774,1770939773.013230,D1,0.552880586,0.423444444,0.421194534,D2,0.157580176
774,1770939773.013230,D2,0.752793852,0.576555556,0.578774710,D2,0.157580176
775,1770939773.056388,D1,0.552660631,0.423482781,0.421225044,D2,0.157519566
775,1770939773.056388,D2,0.752376210,0.576517219,0.578744610,D2,0.157519566
776,1770939773.098564,D1,0.552382769,0.423418789,0.421254294,D2,0.157461471
776,1770939773.098564,D2,0.752195071,0.576581211,0.578715765,D2,0.157461471
777,1770939773.139642,D1,0.552088562,0.423407869,0.421283008,D2,0.157404442
777,1770939773.139642,D2,0.751828069,0.576592131,0.578687450,D2,0.157404442
778,1770939773.182032,D1,0.551913898,0.423426861,0.421311593,D2,0.157347666
778,1770939773.182032,D2,0.751531749,0.576573139,0.578659259,D2,0.157347666
779,1770939773.223982,D1,0.551540735,0.423384472,0.421339231,D2,0.157292778
779,1770939773.223982,D2,0.751154029,0.576615528,0.578632009,D2,0.157292778
780,1770939773.268190,D1,0.551526734,0.423488188,0.421367884,D2,0.157235856
780,1770939773.268190,D2,0.750815929,0.576511812,0.578603740,D2,0.157235856
781,1770939773.309412,D1,0.551389863,0.423472652,0.421395947,D2,0.157180107
781,1770939773.309412,D2,0.750677368,0.576527348,0.578576055,D2,0.157180107
782,1770939773.364045,D1,0.551175510,0.423536221,0.421424484,D2,0.157123407
782,1770939773.364045,D2,0.750190188,0.576463779,0.578547891,D2,0.157123407
783,1770939773.406050,D1,0.551093485,0.423562591,0.421452992,D2,0.157066759
783,1770939773.406050,D2,0.749997538,0.576437409,0.578519751,D2,0.157066759
784,1770939773.448990,D1,0.550985991,0.423576907,0.421481311,D2,0.157010484
784,1770939773.448990,D2,0.749807281,0.576423093,0.578491796,D2,0.157010484
785,1770939773.490991,D1,0.550970033,0.423616631,0.421509782,D2,0.156953901
785,1770939773.490991,D2,0.749663587,0.576383369,0.578463683,D2,0.156953901
786,1770939773.534463,D1,0.550717608,0.423613208,0.421537828,D2,0.156898164
786,1770939773.534463,D2,0.749330638,0.576386792,0.578435992,D2,0.156898164
787,1770939773.576947,D1,0.550478103,0.423574872,0.421564989,D2,0.156844191
787,1770939773.576947,D2,0.749122366,0.576425128,0.578409180,D2,0.156844191
788,1770939773.619714,D1,0.550433470,0.423696947,0.421593415,D2,0.156787684
788,1770939773.619714,D2,0.748687218,0.576303053,0.578381098,D2,0.156787684
789,1770939773.661823,D1,0.550119073,0.423647941,0.421620808,D2,0.156733236
789,1770939773.661823,D2,0.748409775,0.576352059,0.578354044,D2,0.156733236
790,1770939773.706008,D1,0.549791632,0.423532896,0.421646303,D2,0.156682582
790,1770939773.706008,D2,0.748316821,0.576467104,0.578328885,D2,0.156682582
791,1770939773.751174,D1,0.549769300,0.423649992,0.421673019,D2,0.156629482
791,1770939773.751174,D2,0.747927645,0.576350008,0.578302500,D2,0.156629482
792,1770939773.808600,D1,0.549470506,0.423703101,0.421700086,D2,0.156575672
792,1770939773.808600,D2,0.747358582,0.576296899,0.578275759,D2,0.156575672
793,1770939773.854912,D1,0.549287006,0.423733094,0.421727193,D2,0.156521781
793,1770939773.854912,D2,0.747017234,0.576266906,0.578248974,D2,0.156521781
794,1770939773.898955,D1,0.549125289,0.423775571,0.421754505,D2,0.156467475
794,1770939773.898955,D2,0.746667405,0.576224429,0.578221980,D2,0.156467475
795,1770939773.944270,D1,0.548974180,0.423760655,0.421781254,D2,0.156414291
795,1770939773.944270,D2,0.746507534,0.576239345,0.578195545,D2,0.156414291
796,1770939773.988394,D1,0.548786701,0.423790351,0.421808042,D2,0.156361025
796,1770939773.988394,D2,0.746161850,0.576209649,0.578169066,D2,0.156361025
797,1770939774.032731,D1,0.548513104,0.423762796,0.421834105,D2,0.156309203
797,1770939774.032731,D2,0.745874013,0.576237204,0.578143308,D2,0.156309203
798,1770939774.077031,D1,0.548312688,0.423810745,0.421860460,D2,0.156256794
798,1770939774.077031,D2,0.745455095,0.576189255,0.578117254,D2,0.156256794
799,1770939774.125478,D1,0.548057043,0.423815274,0.421886524,D2,0.156204963
799,1770939774.125478,D2,0.745093716,0.576184726,0.578091487,D2,0.156204963
800,1770939774.169922,D1,0.547759342,0.423704956,0.421910770,D2,0.156156765
800,1770939774.169922,D2,0.745025494,0.576295044,0.578067535,D2,0.156156765
801,1770939774.214435,D1,0.547703053,0.423787304,0.421935791,D2,0.156107013
801,1770939774.214435,D2,0.744697751,0.576212696,0.578042803,D2,0.156107013
802,1770939774.271359,D1,0.547601533,0.423891244,0.421961863,D2,0.156055153
802,1770939774.271359,D2,0.744242874,0.576108756,0.578017016,D2,0.156055153
803,1770939774.316031,D1,0.547381124,0.423931595,0.421988126,D2,0.156002908
803,1770939774.316031,D2,0.743820404,0.576068405,0.577991035,D2,0.156002908
804,1770939774.361775,D1,0.547389039,0.424044953,0.422015551,D2,0.155948337
804,1770939774.361775,D2,0.743485985,0.575955047,0.577963888,D2,0.155948337
805,1770939774.405637,D1,0.547198442,0.424041533,0.422042564,D2,0.155894585
805,1770939774.405637,D2,0.743237517,0.575958467,0.577937149,D2,0.155894585
806,1770939774.449090,D1,0.546997957,0.424101739,0.422070019,D2,0.155839945
806,1770939774.449090,D2,0.742782081,0.575898261,0.577909964,D2,0.155839945
807,1770939774.495567,D1,0.546942176,0.424201996,0.422098446,D2,0.155783359
807,1770939774.495567,D2,0.742401535,0.575798004,0.577881805,D2,0.155783359
808,1770939774.539116,D1,0.546712397,0.424195437,0.422126406,D2,0.155727702
808,1770939774.539116,D2,0.742109569,0.575804563,0.577854108,D2,0.155727702
809,1770939774.582348,D1,0.546625815,0.424318886,0.422155639,D2,0.155669496
809,1770939774.582348,D2,0.741617138,0.575681114,0.577825135,D2,0.155669496
810,1770939774.627151,D1,0.546499189,0.424354517,0.422184957,D2,0.155611116
810,1770939774.627151,D2,0.741337200,0.575645483,0.577796073,D2,0.155611116
811,1770939774.669544,D1,0.546249858,0.424303141,0.422213200,D2,0.155554884
811,1770939774.669544,D2,0.741154843,0.575696859,0.577768083,D2,0.155554884
812,1770939774.723886,D1,0.546215972,0.424406046,0.422242438,D2,0.155496657
812,1770939774.723886,D2,0.740796729,0.575593954,0.577739095,D2,0.155496657
813,1770939774.771651,D1,0.545850793,0.424385765,0.422271015,D2,0.155439748
813,1770939774.771651,D2,0.740362925,0.575614235,0.577710763,D2,0.155439748
814,1770939774.814413,D1,0.545725706,0.424454107,0.422300123,D2,0.155381775
814,1770939774.814413,D2,0.739986218,0.575545893,0.577681898,D2,0.155381775
815,1770939774.856944,D1,0.545560451,0.424557579,0.422330223,D2,0.155321816
815,1770939774.856944,D2,0.739448880,0.575442421,0.577652039,D2,0.155321816
816,1770939774.899516,D1,0.545397499,0.424489230,0.422359009,D2,0.155264479
816,1770939774.899516,D2,0.739434859,0.575510770,0.577623488,D2,0.155264479
817,1770939774.944223,D1,0.545085713,0.424440275,0.422386760,D2,0.155209212
817,1770939774.944223,D2,0.739160257,0.575559725,0.577595972,D2,0.155209212
818,1770939774.989314,D1,0.545107648,0.424571047,0.422415883,D2,0.155151195
818,1770939774.989314,D2,0.738794428,0.575428953,0.577567078,D2,0.155151195
819,1770939775.033131,D1,0.544904313,0.424610197,0.422445141,D2,0.155092907
819,1770939775.033131,D2,0.738400509,0.575389803,0.577538048,D2,0.155092907
820,1770939775.077564,D1,0.544934577,0.424764229,0.422476062,D2,0.155031289
820,1770939775.077564,D2,0.737976128,0.575235771,0.577507351,D2,0.155031289
821,1770939775.121711,D1,0.544866206,0.424819460,0.422507307,D2,0.154969019
821,1770939775.121711,D2,0.737716766,0.575180540,0.577476327,D2,0.154969019
822,1770939775.177104,D1,0.544612062,0.424896293,0.422539161,D2,0.154905531
822,1770939775.177104,D2,0.737140854,0.575103707,0.577444692,D2,0.154905531
823,1770939775.219698,D1,0.544400932,0.424965177,0.422571507,D2,0.154841053
823,1770939775.219698,D2,0.736647403,0.575034823,0.577412560,D2,0.154841053
824,1770939775.262078,D1,0.544272923,0.424972047,0.422603515,D2,0.154777251
824,1770939775.262078,D2,0.736453484,0.575027953,0.577380765,D2,0.154777251
825,1770939775.304735,D1,0.544052418,0.424890426,0.422634007,D2,0.154716476
825,1770939775.304735,D2,0.736401045,0.575109574,0.577350483,D2,0.154716476
826,1770939775.349082,D1,0.543862631,0.424836986,0.422663380,D2,0.154657937
826,1770939775.349082,D2,0.736305173,0.575163014,0.577321316,D2,0.154657937
827,1770939775.392350,D1,0.543680632,0.424920562,0.422693476,D2,0.154597949
827,1770939775.392350,D2,0.735807068,0.575079438,0.577291425,D2,0.154597949
828,1770939775.436315,D1,0.543627524,0.425021259,0.422724513,D2,0.154536076
828,1770939775.436315,D2,0.735432083,0.574978741,0.577260589,D2,0.154536076
829,1770939775.483009,D1,0.543392856,0.425038123,0.422755361,D2,0.154474579
829,1770939775.483009,D2,0.735063893,0.574961877,0.577229940,D2,0.154474579
830,1770939775.527354,D1,0.543085052,0.425057081,0.422786050,D2,0.154413395
830,1770939775.527354,D2,0.734590525,0.574942919,0.577199446,D2,0.154413395
831,1770939775.572079,D1,0.543033767,0.425145090,0.422817504,D2,0.154350681
831,1770939775.572079,D2,0.734256691,0.574854910,0.577168185,D2,0.154350681
832,1770939775.628429,D1,0.543102264,0.425384846,0.422851736,D2,0.154282409
832,1770939775.628429,D2,0.733629309,0.574615154,0.577134145,D2,0.154282409
833,1770939775.675193,D1,0.543111610,0.425494531,0.422886973,D2,0.154212123
833,1770939775.675193,D2,0.733312811,0.574505469,0.577099096,D2,0.154212123
834,1770939775.720025,D1,0.543034008,0.425671329,0.422924098,D2,0.154138059
834,1770939775.720025,D2,0.732677959,0.574328671,0.577062157,D2,0.154138059
835,1770939775.764595,D1,0.542867960,0.425672384,0.422960741,D2,0.154064955
835,1770939775.764595,D2,0.732450761,0.574327616,0.577025696,D2,0.154064955
836,1770939775.808616,D1,0.542624883,0.425571900,0.422995557,D2,0.153995505
836,1770939775.808616,D2,0.732423783,0.574428100,0.576991062,D2,0.153995505
837,1770939775.852662,D1,0.542566689,0.425645557,0.423030890,D2,0.153925017
837,1770939775.852662,D2,0.732124614,0.574354443,0.576955907,D2,0.153925017
838,1770939775.897500,D1,0.542509307,0.425782568,0.423067579,D2,0.153851815
838,1770939775.897500,D2,0.731637047,0.574217432,0.576919394,D2,0.153851815
839,1770939775.941686,D1,0.542247427,0.425799070,0.423103999,D2,0.153779149
839,1770939775.941686,D2,0.731234515,0.574200930,0.576883148,D2,0.153779149
840,1770939775.986352,D1,0.542056941,0.425883604,0.423141060,D2,0.153705197
840,1770939775.986352,D2,0.730724956,0.574116396,0.576846258,D2,0.153705197
841,1770939776.029824,D1,0.541861257,0.425963238,0.423178689,D2,0.153630108
841,1770939776.029824,D2,0.730223301,0.574036762,0.576808798,D2,0.153630108
842,1770939776.085778,D1,0.541691423,0.425983033,0.423216081,D2,0.153555493
842,1770939776.085778,D2,0.729935335,0.574016967,0.576771573,D2,0.153555493
843,1770939776.130209,D1,0.541333405,0.425943823,0.423252451,D2,0.153482917
843,1770939776.130209,D2,0.729569883,0.574056177,0.576735368,D2,0.153482917
844,1770939776.172390,D1,0.541082929,0.426043953,0.423289671,D2,0.153408640
844,1770939776.172390,D2,0.728933756,0.573956047,0.576698310,D2,0.153408640
845,1770939776.217406,D1,0.540824289,0.426071718,0.423326765,D2,0.153334612
845,1770939776.217406,D2,0.728502603,0.573928282,0.576661377,D2,0.153334612
846,1770939776.261327,D1,0.540700111,0.426228337,0.423365452,D2,0.153257395
846,1770939776.261327,D2,0.727869019,0.573771663,0.576622847,D2,0.153257395
847,1770939776.305518,D1,0.540600459,0.426288587,0.423404427,D2,0.153179601
847,1770939776.305518,D2,0.727555609,0.573711413,0.576584028,D2,0.153179601
848,1770939776.349965,D1,0.540403318,0.426369033,0.423443955,D2,0.153100698
848,1770939776.349965,D2,0.727051108,0.573630967,0.576544654,D2,0.153100698
849,1770939776.393457,D1,0.540391618,0.426562019,0.423485530,D2,0.153017702
849,1770939776.393457,D2,0.726461956,0.573437981,0.576503232,D2,0.153017702
850,1770939776.438698,D1,0.540113041,0.426562153,0.423526551,D2,0.152935809
850,1770939776.438698,D2,0.726087059,0.573437847,0.576462360,D2,0.152935809
851,1770939776.483207,D1,0.539804625,0.426551401,0.423566883,D2,0.152855294
851,1770939776.483207,D2,0.725704348,0.573448599,0.576422176,D2,0.152855294
852,1770939776.539022,D1,0.539573179,0.426588264,0.423607168,D2,0.152774869
852,1770939776.539022,D2,0.725283886,0.573411736,0.576382037,D2,0.152774869
853,1770939776.580784,D1,0.539338174,0.426538460,0.423646252,D2,0.152696846
853,1770939776.580784,D2,0.725115621,0.573461540,0.576343097,D2,0.152696846
854,1770939776.625139,D1,0.539069135,0.426474539,0.423683962,D2,0.152621567
854,1770939776.625139,D2,0.724943333,0.573525461,0.576305529,D2,0.152621567
855,1770939776.669493,D1,0.538811190,0.426452105,0.423720871,D2,0.152547890
855,1770939776.669493,D2,0.724662911,0.573547895,0.576268760,D2,0.152547890
856,1770939776.713898,D1,0.538715741,0.426547555,0.423758560,D2,0.152472650
856,1770939776.713898,D2,0.724251857,0.573452445,0.576231209,D2,0.152472650
857,1770939776.755185,D1,0.538650099,0.426613314,0.423796623,D2,0.152396659
857,1770939776.755185,D2,0.723968954,0.573386686,0.576193282,D2,0.152396659
858,1770939776.797210,D1,0.538358158,0.426594982,0.423833935,D2,0.152322171
858,1770939776.797210,D2,0.723630803,0.573405018,0.576156106,D2,0.152322171
859,1770939776.840229,D1,0.538121272,0.426646756,0.423871439,D2,0.152247295
859,1770939776.840229,D2,0.723159319,0.573353244,0.576118734,D2,0.152247295
860,1770939776.882236,D1,0.538012934,0.426663015,0.423908660,D2,0.152172984
860,1770939776.882236,D2,0.722965671,0.573336985,0.576081644,D2,0.152172984
861,1770939776.924390,D1,0.537618013,0.426606393,0.423944630,D2,0.152101174
861,1770939776.924390,D2,0.722602232,0.573393607,0.576045804,D2,0.152101174
862,1770939776.977520,D1,0.537530642,0.426670000,0.423980968,D2,0.152028625
862,1770939776.977520,D2,0.722296957,0.573330000,0.576009593,D2,0.152028625
863,1770939777.020579,D1,0.537417838,0.426746564,0.424017843,D2,0.151955002
863,1770939777.020579,D2,0.721919396,0.573253436,0.575972844,D2,0.151955002
864,1770939777.064096,D1,0.537216918,0.426822643,0.424055240,D2,0.151880331
864,1770939777.064096,D2,0.721425112,0.573177357,0.575935571,D2,0.151880331
865,1770939777.107099,D1,0.537004355,0.426858665,0.424092619,D2,0.151805696
865,1770939777.107099,D2,0.721033491,0.573141335,0.575898314,D2,0.151805696
866,1770939777.149839,D1,0.536954914,0.426909165,0.424130173,D2,0.151730709
866,1770939777.149839,D2,0.720818305,0.573090835,0.575860881,D2,0.151730709
867,1770939777.192173,D1,0.536882964,0.426996768,0.424168394,D2,0.151654385
867,1770939777.192173,D2,0.720463705,0.573003232,0.575822779,D2,0.151654385
868,1770939777.234769,D1,0.536457596,0.426982873,0.424205921,D2,0.151579450
868,1770939777.234769,D2,0.719933772,0.573017127,0.575785371,D2,0.151579450
869,1770939777.278983,D1,0.536255758,0.427010597,0.424243316,D2,0.151504775
869,1770939777.278983,D2,0.719581362,0.572989403,0.575748091,D2,0.151504775
870,1770939777.325188,D1,0.536226282,0.427166262,0.424282289,D2,0.151426944
870,1770939777.325188,D2,0.719084190,0.572833738,0.575709233,D2,0.151426944
871,1770939777.368856,D1,0.535986240,0.427209101,0.424321313,D2,0.151349009
871,1770939777.368856,D2,0.718636470,0.572790899,0.575670322,D2,0.151349009
872,1770939777.423808,D1,0.535978268,0.427367100,0.424361923,D2,0.151267900
872,1770939777.423808,D2,0.718161950,0.572632900,0.575629823,D2,0.151267900
873,1770939777.467173,D1,0.535728698,0.427410602,0.424402573,D2,0.151186712
873,1770939777.467173,D2,0.717699962,0.572589398,0.575589284,D2,0.151186712
874,1770939777.512021,D1,0.535760192,0.427571559,0.424444826,D2,0.151102314
874,1770939777.512021,D2,0.717270277,0.572428441,0.575547139,D2,0.151102314
875,1770939777.555257,D1,0.535664353,0.427675152,0.424487897,D2,0.151016279
875,1770939777.555257,D2,0.716838510,0.572324848,0.575504176,D2,0.151016279
876,1770939777.599036,D1,0.535509755,0.427742811,0.424531296,D2,0.150929587
876,1770939777.599036,D2,0.716433565,0.572257189,0.575460882,D2,0.150929587
877,1770939777.643005,D1,0.535209031,0.427677468,0.424573245,D2,0.150845793
877,1770939777.643005,D2,0.716222411,0.572322532,0.575419038,D2,0.150845793
878,1770939777.688472,D1,0.534936267,0.427610578,0.424613742,D2,0.150764901
878,1770939777.688472,D2,0.716053055,0.572389422,0.575378643,D2,0.150764901
879,1770939777.731384,D1,0.534700734,0.427688467,0.424654739,D2,0.150683009
879,1770939777.731384,D2,0.715510050,0.572311533,0.575337748,D2,0.150683009
880,1770939777.772990,D1,0.534314968,0.427726052,0.424695689,D2,0.150601208
880,1770939777.772990,D2,0.714884058,0.572273948,0.575296897,D2,0.150601208
881,1770939777.816032,D1,0.534247744,0.427783053,0.424736854,D2,0.150518977
881,1770939777.816032,D2,0.714627686,0.572216947,0.575255831,D2,0.150518977
882,1770939777.869070,D1,0.533958694,0.427837772,0.424778200,D2,0.150436383
882,1770939777.869070,D2,0.714081401,0.572162228,0.575214583,D2,0.150436383
883,1770939777.910000,D1,0.533957836,0.427975456,0.424820830,D2,0.150351220
883,1770939777.910000,D2,0.713678748,0.572024544,0.575172049,D2,0.150351220
884,1770939777.952992,D1,0.533805192,0.427908923,0.424862005,D2,0.150268965
884,1770939777.952992,D2,0.713668660,0.572091077,0.575130970,D2,0.150268965
885,1770939778.000955,D1,0.533547713,0.427950842,0.424903189,D2,0.150186690
885,1770939778.000955,D2,0.713202289,0.572049158,0.575089879,D2,0.150186690
886,1770939778.046452,D1,0.533327379,0.427968452,0.424944059,D2,0.150105042
886,1770939778.046452,D2,0.712856486,0.572031548,0.575049101,D2,0.150105042
887,1770939778.095296,D1,0.533035682,0.427933188,0.424983914,D2,0.150025423
887,1770939778.095296,D2,0.712569232,0.572066812,0.575009337,D2,0.150025423
888,1770939778.140250,D1,0.532892727,0.427937563,0.425023296,D2,0.149946749
888,1770939778.140250,D2,0.712365398,0.572062437,0.574970045,D2,0.149946749
889,1770939778.185053,D1,0.532627862,0.427968177,0.425062561,D2,0.149868308
889,1770939778.185053,D2,0.711922294,0.572031823,0.574930869,D2,0.149868308
890,1770939778.228517,D1,0.532148157,0.427878214,0.425100103,D2,0.149793311
890,1770939778.228517,D2,0.711542546,0.572121786,0.574893415,D2,0.149793311
891,1770939778.272087,D1,0.531923416,0.427967601,0.425138337,D2,0.149716931
891,1770939778.272087,D2,0.710982389,0.572032399,0.574855268,D2,0.149716931
892,1770939778.326751,D1,0.531580857,0.427951385,0.425175844,D2,0.149642002
892,1770939778.326751,D2,0.710571584,0.572048615,0.574817846,D2,0.149642002
893,1770939778.369933,D1,0.531334061,0.427983585,0.425213281,D2,0.149567213
893,1770939778.369933,D2,0.710148274,0.572016415,0.574780493,D2,0.149567213
894,1770939778.415426,D1,0.531084806,0.427963334,0.425249948,D2,0.149493961
894,1770939778.415426,D2,0.709873856,0.572036666,0.574743909,D2,0.149493961
895,1770939778.458214,D1,0.530815795,0.428042194,0.425287178,D2,0.149419583
895,1770939778.458214,D2,0.709285769,0.571957806,0.574706761,D2,0.149419583
896,1770939778.502934,D1,0.530594046,0.428027835,0.425323720,D2,0.149346580
896,1770939778.502934,D2,0.709031051,0.571972165,0.574670300,D2,0.149346580
897,1770939778.546195,D1,0.530273037,0.427944014,0.425358657,D2,0.149276785
897,1770939778.546195,D2,0.708844743,0.572055986,0.574635442,D2,0.149276785
898,1770939778.588856,D1,0.529921625,0.427923724,0.425392858,D2,0.149208462
898,1770939778.588856,D2,0.708433705,0.572076276,0.574601320,D2,0.149208462
899,1770939778.634736,D1,0.529734470,0.427910451,0.425426426,D2,0.149141404
899,1770939778.634736,D2,0.708221902,0.572089549,0.574567830,D2,0.149141404
900,1770939778.677636,D1,0.529425437,0.427970576,0.425460348,D2,0.149073636
900,1770939778.677636,D2,0.707634929,0.572029424,0.574533984,D2,0.149073636
901,1770939778.720711,D1,0.529202590,0.427919799,0.425493141,D2,0.149008126
901,1770939778.720711,D2,0.707483797,0.572080201,0.574501267,D2,0.149008126
902,1770939778.778380,D1,0.528945189,0.427916939,0.425525458,D2,0.148943566
902,1770939778.778380,D2,0.707147940,0.572083061,0.574469024,D2,0.148943566
903,1770939778.821026,D1,0.528726453,0.428051612,0.425559140,D2,0.148876276
903,1770939778.821026,D2,0.706466778,0.571948388,0.574435416,D2,0.148876276
904,1770939778.866703,D1,0.528256830,0.427869562,0.425589946,D2,0.148814737
904,1770939778.866703,D2,0.706364365,0.572130438,0.574404683,D2,0.148814737
905,1770939778.910655,D1,0.527971087,0.427899802,0.425620744,D2,0.148753213
905,1770939778.910655,D2,0.705895076,0.572100198,0.574373956,D2,0.148753213
906,1770939778.954941,D1,0.527835094,0.428009204,0.425652590,D2,0.148689591
906,1770939778.954941,D2,0.705397951,0.571990796,0.574342181,D2,0.148689591
907,1770939779.001155,D1,0.527668030,0.428088434,0.425685068,D2,0.148624705
907,1770939779.001155,D2,0.704946514,0.571911566,0.574309773,D2,0.148624705
908,1770939779.045484,D1,0.527468830,0.428171760,0.425718224,D2,0.148558462
908,1770939779.045484,D2,0.704440602,0.571828240,0.574276686,D2,0.148558462
909,1770939779.090563,D1,0.527216926,0.428268775,0.425752231,D2,0.148490515
909,1770939779.090563,D2,0.703825254,0.571731225,0.574242746,D2,0.148490515
910,1770939779.136929,D1,0.526967887,0.428260392,0.425785673,D2,0.148423698
910,1770939779.136929,D2,0.703516877,0.571739608,0.574209371,D2,0.148423698
911,1770939779.180932,D1,0.526656630,0.428161289,0.425817348,D2,0.148360414
911,1770939779.180932,D2,0.703385982,0.571838711,0.574177762,D2,0.148360414
912,1770939779.235533,D1,0.526524162,0.428134055,0.425848238,D2,0.148298700
912,1770939779.235533,D2,0.703287285,0.571865945,0.574146938,D2,0.148298700
913,1770939779.279901,D1,0.526269427,0.428157669,0.425879030,D2,0.148237180
913,1770939779.279901,D2,0.702879237,0.571842331,0.574116210,D2,0.148237180
914,1770939779.322641,D1,0.526118348,0.428238781,0.425910493,D2,0.148174317
914,1770939779.322641,D2,0.702444713,0.571761219,0.574084810,D2,0.148174317
915,1770939779.373996,D1,0.525962888,0.428305707,0.425942429,D2,0.148110507
915,1770939779.373996,D2,0.702045236,0.571694293,0.574052936,D2,0.148110507
916,1770939779.418221,D1,0.525706598,0.428301749,0.425973887,D2,0.148047654
916,1770939779.418221,D2,0.701714489,0.571698251,0.574021541,D2,0.148047654
917,1770939779.463185,D1,0.525745551,0.428371429,0.426005854,D2,0.147983780
917,1770939779.463185,D2,0.701566812,0.571628571,0.573989634,D2,0.147983780
918,1770939779.506809,D1,0.525623973,0.428443758,0.426038360,D2,0.147918829
918,1770939779.506809,D2,0.701197432,0.571556242,0.573957189,D2,0.147918829
919,1770939779.548969,D1,0.525320738,0.428409618,0.426069976,D2,0.147855655
919,1770939779.548969,D2,0.700890617,0.571590382,0.573925632,D2,0.147855655
920,1770939779.589649,D1,0.525266417,0.428553163,0.426103086,D2,0.147789495
920,1770939779.589649,D2,0.700407460,0.571446837,0.573892581,D2,0.147789495
921,1770939779.632948,D1,0.525185923,0.428703670,0.426137760,D2,0.147720204
921,1770939779.632948,D2,0.699869891,0.571296330,0.573857964,D2,0.147720204
922,1770939779.689878,D1,0.524797257,0.428618310,0.426170834,D2,0.147654113
922,1770939779.689878,D2,0.699595740,0.571381690,0.573824947,D2,0.147654113
923,1770939779.732986,D1,0.524445975,0.428507307,0.426201987,D2,0.147591864
923,1770939779.732986,D2,0.699444416,0.571492693,0.573793851,D2,0.147591864
924,1770939779.776479,D1,0.524133014,0.428605562,0.426234035,D2,0.147527824
924,1770939779.776479,D2,0.698746623,0.571394438,0.573761859,D2,0.147527824
925,1770939779.820154,D1,0.524123297,0.428796013,0.426268194,D2,0.147459559
925,1770939779.820154,D2,0.698190533,0.571203987,0.573727754,D2,0.147459559
926,1770939779.863733,D1,0.523868059,0.428793862,0.426301870,D2,0.147392262
926,1770939779.863733,D2,0.697856656,0.571206138,0.573694132,D2,0.147392262
927,1770939779.907501,D1,0.523683077,0.428876130,0.426336193,D2,0.147323668
927,1770939779.907501,D2,0.697375967,0.571123870,0.573659862,D2,0.147323668
928,1770939779.951081,D1,0.523432829,0.428915070,0.426370578,D2,0.147254951
928,1770939779.951081,D2,0.696931914,0.571084930,0.573625529,D2,0.147254951
929,1770939779.994009,D1,0.523246971,0.428944303,0.426404895,D2,0.147186370
929,1770939779.994009,D2,0.696601310,0.571055697,0.573591265,D2,0.147186370
930,1770939780.037012,D1,0.523029150,0.428985567,0.426439304,D2,0.147117603
930,1770939780.037012,D2,0.696194038,0.571014433,0.573556907,D2,0.147117603
931,1770939780.080961,D1,0.522906141,0.429048280,0.426474090,D2,0.147048081
931,1770939780.080961,D2,0.695852134,0.570951720,0.573522171,D2,0.147048081
932,1770939780.137494,D1,0.522542315,0.428947067,0.426507063,D2,0.146982185
932,1770939780.137494,D2,0.695655348,0.571052933,0.573489248,D2,0.146982185
933,1770939780.180725,D1,0.522472021,0.428988065,0.426540143,D2,0.146916074
933,1770939780.180725,D2,0.695445360,0.571011935,0.573456217,D2,0.146916074
934,1770939780.223729,D1,0.522309312,0.428931601,0.426572029,D2,0.146852351
934,1770939780.223729,D2,0.695389058,0.571068399,0.573424380,D2,0.146852351
935,1770939780.267681,D1,0.522036792,0.428911081,0.426603217,D2,0.146790024
935,1770939780.267681,D2,0.695084462,0.571088919,0.573393240,D2,0.146790024
936,1770939780.312716,D1,0.522016013,0.429107063,0.426636601,D2,0.146723302
936,1770939780.312716,D2,0.694500932,0.570892937,0.573359903,D2,0.146723302
937,1770939780.358443,D1,0.521804266,0.429119502,0.426669707,D2,0.146657138
937,1770939780.358443,D2,0.694183969,0.570880498,0.573326844,D2,0.146657138
938,1770939780.403706,D1,0.521593363,0.429145498,0.426702717,D2,0.146591163
938,1770939780.403706,D2,0.693829764,0.570854502,0.573293880,D2,0.146591163
939,1770939780.448926,D1,0.521436665,0.429183218,0.426735790,D2,0.146525061
939,1770939780.448926,D2,0.693514533,0.570816782,0.573260852,D2,0.146525061
940,1770939780.493958,D1,0.521157729,0.429205947,0.426768726,D2,0.146459235
940,1770939780.493958,D2,0.693079241,0.570794053,0.573227961,D2,0.146459235
941,1770939780.540523,D1,0.520803671,0.429180936,0.426800889,D2,0.146394954
941,1770939780.540523,D2,0.692679098,0.570819064,0.573195842,D2,0.146394954
942,1770939780.600379,D1,0.520439048,0.429116292,0.426831761,D2,0.146333253
942,1770939780.600379,D2,0.692376820,0.570883708,0.573165014,D2,0.146333253
943,1770939780.645050,D1,0.520198297,0.429077950,0.426861710,D2,0.146273398
943,1770939780.645050,D2,0.692164858,0.570922050,0.573135108,D2,0.146273398
944,1770939780.690423,D1,0.519898211,0.429104668,0.426891616,D2,0.146213628
944,1770939780.690423,D2,0.691690126,0.570895332,0.573105244,D2,0.146213628
945,1770939780.735742,D1,0.519726550,0.429146082,0.426921676,D2,0.146153551
945,1770939780.735742,D2,0.691344859,0.570853918,0.573075226,D2,0.146153551
946,1770939780.780395,D1,0.519475921,0.429206671,0.426952142,D2,0.146092659
946,1770939780.780395,D2,0.690840590,0.570793329,0.573044801,D2,0.146092659
947,1770939780.827412,D1,0.519345282,0.429278466,0.426983160,D2,0.146030664
947,1770939780.827412,D2,0.690464487,0.570721534,0.573013824,D2,0.146030664
948,1770939780.873716,D1,0.519073510,0.429241331,0.427013269,D2,0.145970487
948,1770939780.873716,D2,0.690207778,0.570758669,0.572983755,D2,0.145970487
949,1770939780.919670,D1,0.518655730,0.429194566,0.427042353,D2,0.145912358
949,1770939780.919670,D2,0.689783918,0.570805434,0.572954711,D2,0.145912358
950,1770939780.962980,D1,0.518222091,0.429163533,0.427070635,D2,0.145855833
950,1770939780.962980,D2,0.689294511,0.570836467,0.572926468,D2,0.145855833
951,1770939781.007833,D1,0.517870754,0.429124515,0.427098020,D2,0.145801101
951,1770939781.007833,D2,0.688936913,0.570875485,0.572899122,D2,0.145801101
952,1770939781.064590,D1,0.517673159,0.429163005,0.427125553,D2,0.145746073
952,1770939781.064590,D2,0.688565852,0.570836995,0.572871626,D2,0.145746073
953,1770939781.108364,D1,0.517320895,0.429187975,0.427153052,D2,0.145691113
953,1770939781.108364,D2,0.688027170,0.570812025,0.572844165,D2,0.145691113
954,1770939781.151165,D1,0.516917769,0.429152082,0.427179706,D2,0.145637842
954,1770939781.151165,D2,0.687591751,0.570847918,0.572817548,D2,0.145637842
955,1770939781.195411,D1,0.516692788,0.429228198,0.427207019,D2,0.145583253
955,1770939781.195411,D2,0.687078982,0.570771802,0.572790272,D2,0.145583253
956,1770939781.238937,D1,0.516521492,0.429294168,0.427234848,D2,0.145527631
956,1770939781.238937,D2,0.686666276,0.570705832,0.572762479,D2,0.145527631
957,1770939781.281322,D1,0.516275791,0.429321700,0.427262673,D2,0.145472018
957,1770939781.281322,D2,0.686262516,0.570678300,0.572734690,D2,0.145472018
958,1770939781.324406,D1,0.516032537,0.429356429,0.427290589,D2,0.145416219
958,1770939781.324406,D2,0.685841948,0.570643571,0.572706809,D2,0.145416219
959,1770939781.368596,D1,0.515841793,0.429422038,0.427319009,D2,0.145359415
959,1770939781.368596,D2,0.685404877,0.570577962,0.572678424,D2,0.145359415
960,1770939781.412244,D1,0.515655581,0.429441875,0.427347314,D2,0.145302840
960,1770939781.412244,D2,0.685101986,0.570558125,0.572650153,D2,0.145302840
961,1770939781.456123,D1,0.515566824,0.429571839,0.427376974,D2,0.145243553
961,1770939781.456123,D2,0.684620845,0.570428161,0.572620527,D2,0.145243553
962,1770939781.513381,D1,0.515246570,0.429562835,0.427406119,D2,0.145185297
962,1770939781.513381,D2,0.684220720,0.570437165,0.572591415,D2,0.145185297
963,1770939781.560861,D1,0.514961731,0.429596318,0.427435321,D2,0.145126924
963,1770939781.560861,D2,0.683749036,0.570403682,0.572562246,D2,0.145126924
964,1770939781.607608,D1,0.514521144,0.429517676,0.427463086,D2,0.145071427
964,1770939781.607608,D2,0.683383327,0.570482324,0.572534513,D2,0.145071427
965,1770939781.652373,D1,0.514433978,0.429549668,0.427490907,D2,0.145015817
965,1770939781.652373,D2,0.683178351,0.570450332,0.572506724,D2,0.145015817
966,1770939781.698574,D1,0.514080991,0.429611220,0.427519178,D2,0.144959307
966,1770939781.698574,D2,0.682538108,0.570388780,0.572478485,D2,0.144959307
967,1770939781.743182,D1,0.513800627,0.429633260,0.427547366,D2,0.144902963
967,1770939781.743182,D2,0.682104519,0.570366740,0.572450328,D2,0.144902963
968,1770939781.788919,D1,0.513493435,0.429646454,0.427575354,D2,0.144847018
968,1770939781.788919,D2,0.681660000,0.570353546,0.572422371,D2,0.144847018
969,1770939781.833243,D1,0.513144762,0.429612014,0.427602509,D2,0.144792737
969,1770939781.833243,D2,0.681292882,0.570387986,0.572395246,D2,0.144792737
970,1770939781.875870,D1,0.512937571,0.429681997,0.427630236,D2,0.144737314
970,1770939781.875870,D2,0.680823337,0.570318003,0.572367550,D2,0.144737314
971,1770939781.917540,D1,0.512763133,0.429756253,0.427658583,D2,0.144680650
971,1770939781.917540,D2,0.680385610,0.570243747,0.572339232,D2,0.144680650
972,1770939781.975995,D1,0.512497557,0.429786377,0.427686953,D2,0.144623938
972,1770939781.975995,D2,0.679949632,0.570213623,0.572310891,D2,0.144623938
973,1770939782.021115,D1,0.512247010,0.429791904,0.427715019,D2,0.144567834
973,1770939782.021115,D2,0.679601895,0.570208096,0.572282853,D2,0.144567834
974,1770939782.064821,D1,0.511884957,0.429706087,0.427741567,D2,0.144514768
974,1770939782.064821,D2,0.679359415,0.570293913,0.572256334,D2,0.144514768
975,1770939782.106619,D1,0.511565763,0.429698201,0.427767655,D2,0.144462619
975,1770939782.106619,D2,0.678957637,0.570301799,0.572230274,D2,0.144462619
976,1770939782.148990,D1,0.511142598,0.429650362,0.427792758,D2,0.144412441
976,1770939782.148990,D2,0.678528453,0.570349638,0.572205199,D2,0.144412441
977,1770939782.191046,D1,0.510838420,0.429628234,0.427817231,D2,0.144363522
977,1770939782.191046,D2,0.678185904,0.570371766,0.572180753,D2,0.144363522
978,1770939782.236408,D1,0.510627200,0.429577782,0.427840705,D2,0.144316601
978,1770939782.236408,D2,0.678045078,0.570422218,0.572157306,D2,0.144316601
979,1770939782.281152,D1,0.510382471,0.429702606,0.427865530,D2,0.144266977
979,1770939782.281152,D2,0.677374978,0.570297394,0.572132507,D2,0.144266977
980,1770939782.325765,D1,0.510238896,0.429697752,0.427889960,D2,0.144218144
980,1770939782.325765,D2,0.677197841,0.570302248,0.572108103,D2,0.144218144
981,1770939782.368575,D1,0.509922859,0.429639477,0.427913287,D2,0.144171516
981,1770939782.368575,D2,0.676939351,0.570360523,0.572084802,D2,0.144171516
982,1770939782.425281,D1,0.509687620,0.429700994,0.427937123,D2,0.144123869
982,1770939782.425281,D2,0.676457229,0.570299006,0.572060992,D2,0.144123869
983,1770939782.471586,D1,0.509337021,0.429752023,0.427961322,D2,0.144075497
983,1770939782.471586,D2,0.675851168,0.570247977,0.572036818,D2,0.144075497
984,1770939782.517559,D1,0.509094502,0.429892498,0.427987071,D2,0.144024023
984,1770939782.517559,D2,0.675142264,0.570107502,0.572011094,D2,0.144024023
985,1770939782.561094,D1,0.508841648,0.429863439,0.428012089,D2,0.143974011
985,1770939782.561094,D2,0.674886956,0.570136561,0.571986100,D2,0.143974011
986,1770939782.605060,D1,0.508579151,0.429812576,0.428036095,D2,0.143926023
986,1770939782.605060,D2,0.674678808,0.570187424,0.571962118,D2,0.143926023
987,1770939782.649099,D1,0.508357626,0.429814521,0.428059808,D2,0.143878622
987,1770939782.649099,D2,0.674379579,0.570185479,0.571938429,D2,0.143878622
988,1770939782.693537,D1,0.508284280,0.429886336,0.428084161,D2,0.143829938
988,1770939782.693537,D2,0.674084726,0.570113664,0.571914099,D2,0.143829938
989,1770939782.739259,D1,0.507981100,0.429963277,0.428109216,D2,0.143779851
989,1770939782.739259,D2,0.673471195,0.570036723,0.571889068,D2,0.143779851
990,1770939782.782956,D1,0.507641043,0.429959217,0.428133883,D2,0.143730541
990,1770939782.782956,D2,0.673031501,0.570040783,0.571864424,D2,0.143730541
991,1770939782.826890,D1,0.507435936,0.429970885,0.428158376,D2,0.143681577
991,1770939782.826890,D2,0.672727543,0.570029115,0.571839953,D2,0.143681577
992,1770939782.883526,D1,0.507103408,0.430012765,0.428183101,D2,0.143632149
992,1770939782.883526,D2,0.672171835,0.569987235,0.571815250,D2,0.143632149
993,1770939782.927886,D1,0.507027585,0.430135540,0.428209134,D2,0.143580106
993,1770939782.927886,D2,0.671734778,0.569864460,0.571789239,D2,0.143580106
994,1770939782.970378,D1,0.506685063,0.430100920,0.428234358,D2,0.143529680
994,1770939782.970378,D2,0.671375806,0.569899080,0.571764037,D2,0.143529680
995,1770939783.016054,D1,0.506380090,0.430183801,0.428260350,D2,0.143477716
995,1770939783.016054,D2,0.670744871,0.569816199,0.571738066,D2,0.143477716
996,1770939783.058877,D1,0.506241506,0.430264848,0.428287077,D2,0.143424284
996,1770939783.058877,D2,0.670339637,0.569735152,0.571711361,D2,0.143424284
997,1770939783.103767,D1,0.505938548,0.430325248,0.428314253,D2,0.143369953
997,1770939783.103767,D2,0.669773428,0.569674752,0.571684206,D2,0.143369953
998,1770939783.144950,D1,0.505896491,0.430412664,0.428342231,D2,0.143314016
998,1770939783.144950,D2,0.669478986,0.569587336,0.571656248,D2,0.143314016
999,1770939783.185895,D1,0.505700275,0.430525471,0.428371341,D2,0.143255817
999,1770939783.185895,D2,0.668911471,0.569474529,0.571627158,D2,0.143255817
1000,1770939783.226558,D1,0.505616531,0.430690015,0.428402257,D2,0.143194005
1000,1770939783.226558,D2,0.668352015,0.569309985,0.571596262,D2,0.143194005
1001,1770939783.268690,D1,0.505145964,0.430564035,0.428431081,D2,0.143136378
1001,1770939783.268690,D2,0.668073170,0.569435965,0.571567458,D2,0.143136378
1002,1770939783.322062,D1,0.504857348,0.430547508,0.428459300,D2,0.143079959
1002,1770939783.322062,D2,0.667736474,0.569452492,0.571539259,D2,0.143079959
1003,1770939783.365001,D1,0.504553152,0.430542275,0.428487073,D2,0.143024432
1003,1770939783.365001,D2,0.667348382,0.569457725,0.571511505,D2,0.143024432
1004,1770939783.407747,D1,0.504429967,0.430671392,0.428516197,D2,0.142966203
1004,1770939783.407747,D2,0.666834194,0.569328608,0.571482400,D2,0.142966203
1005,1770939783.455196,D1,0.504134220,0.430755195,0.428546050,D2,0.142906515
1005,1770939783.455196,D2,0.666215497,0.569244805,0.571452565,D2,0.142906515
1006,1770939783.499983,D1,0.503969056,0.430894532,0.428577363,D2,0.142843907
1006,1770939783.499983,D2,0.665618901,0.569105468,0.571421271,D2,0.142843907
1007,1770939783.541828,D1,0.503811442,0.431003666,0.428609714,D2,0.142779224
1007,1770939783.541828,D2,0.665114676,0.568996334,0.571388938,D2,0.142779224
1008,1770939783.585248,D1,0.503596620,0.430952852,0.428640956,D2,0.142716758
1008,1770939783.585248,D2,0.664968844,0.569047148,0.571357714,D2,0.142716758
1009,1770939783.627047,D1,0.503378560,0.430945884,0.428671688,D2,0.142655311
1009,1770939783.627047,D2,0.664699796,0.569054116,0.571327000,D2,0.142655311
1010,1770939783.671953,D1,0.502944744,0.430960631,0.428702207,D2,0.142594290
1010,1770939783.671953,D2,0.664087017,0.569039369,0.571296498,D2,0.142594290
1011,1770939783.716398,D1,0.502623906,0.430992822,0.428732749,D2,0.142533225
1011,1770939783.716398,D2,0.663576273,0.569007178,0.571265974,D2,0.142533225
1012,1770939783.769994,D1,0.502386812,0.431000030,0.428762979,D2,0.142472781
1012,1770939783.769994,D2,0.663243761,0.568999970,0.571235760,D2,0.142472781
1013,1770939783.813083,D1,0.502189184,0.431028516,0.428793187,D2,0.142412383
1013,1770939783.813083,D2,0.662905851,0.568971484,0.571205570,D2,0.142412383
1014,1770939783.855273,D1,0.501825149,0.431053301,0.428823321,D2,0.142352130
1014,1770939783.855273,D2,0.662358371,0.568946699,0.571175452,D2,0.142352130
1015,1770939783.896384,D1,0.501582852,0.431033168,0.428852786,D2,0.142293217
1015,1770939783.896384,D2,0.662092914,0.568966832,0.571146003,D2,0.142293217
1016,1770939783.937442,D1,0.501421213,0.431155111,0.428883484,D2,0.142231838
1016,1770939783.937442,D2,0.661550535,0.568844889,0.571115322,D2,0.142231838
1017,1770939783.981611,D1,0.501137565,0.431201638,0.428914392,D2,0.142170037
1017,1770939783.981611,D2,0.661050888,0.568798362,0.571084429,D2,0.142170037
1018,1770939784.025072,D1,0.501013327,0.431282962,0.428945973,D2,0.142106890
1018,1770939784.025072,D2,0.660667915,0.568717038,0.571052864,D2,0.142106890
1019,1770939784.066027,D1,0.500667595,0.431335834,0.428977838,D2,0.142043176
1019,1770939784.066027,D2,0.660069714,0.568664166,0.571021014,D2,0.142043176
1020,1770939784.107087,D1,0.500486777,0.431434003,0.429010587,D2,0.141977694
1020,1770939784.107087,D2,0.659567306,0.568565997,0.570988281,D2,0.141977694
1021,1770939784.150960,D1,0.500326192,0.431475263,0.429043449,D2,0.141911984
1021,1770939784.150960,D2,0.659244784,0.568524737,0.570955434,D2,0.141911984
1022,1770939784.203327,D1,0.500091719,0.431533956,0.429076656,D2,0.141845586
1022,1770939784.203327,D2,0.658778196,0.568466044,0.570922242,D2,0.141845586
1023,1770939784.244606,D1,0.499704219,0.431536841,0.429109459,D2,0.141779995
1023,1770939784.244606,D2,0.658259996,0.568463159,0.570889454,D2,0.141779995
1024,1770939784.287237,D1,0.499394290,0.431516518,0.429141553,D2,0.141715822
1024,1770939784.287237,D2,0.657906228,0.568483482,0.570857374,D2,0.141715822
1025,1770939784.330978,D1,0.499096775,0.431564360,0.429173857,D2,0.141651228
1025,1770939784.330978,D2,0.657386061,0.568435640,0.570825085,D2,0.141651228
1026,1770939784.373931,D1,0.499099742,0.431725457,0.429207878,D2,0.141583199
1026,1770939784.373931,D2,0.656958430,0.568274543,0.570791077,D2,0.141583199
1027,1770939784.416404,D1,0.498696672,0.431718376,0.429241351,D2,0.141516266
1027,1770939784.416404,D2,0.656446819,0.568281624,0.570757618,D2,0.141516266
1028,1770939784.458878,D1,0.498531570,0.431781042,0.429275214,D2,0.141448555
1028,1770939784.458878,D2,0.656061897,0.568218958,0.570723769,D2,0.141448555
1029,1770939784.501282,D1,0.498223034,0.431751187,0.429308227,D2,0.141382543
1029,1770939784.501282,D2,0.655735657,0.568248813,0.570690770,D2,0.141382543
1030,1770939784.543586,D1,0.498105288,0.431886298,0.429342601,D2,0.141313808
1030,1770939784.543586,D2,0.655219766,0.568113702,0.570656409,D2,0.141313808
1031,1770939784.587265,D1,0.497842148,0.431948325,0.429377344,D2,0.141244335
1031,1770939784.587265,D2,0.654708097,0.568051675,0.570621679,D2,0.141244335
1032,1770939784.642253,D1,0.497542628,0.432035324,0.429412784,D2,0.141173468
1032,1770939784.642253,D2,0.654082252,0.567964676,0.570586252,D2,0.141173468
1033,1770939784.683973,D1,0.497515207,0.432216380,0.429450165,D2,0.141098719
1033,1770939784.683973,D2,0.653563814,0.567783620,0.570548884,D2,0.141098719
1034,1770939784.727200,D1,0.497299321,0.432239166,0.429487352,D2,0.141024358
1034,1770939784.727200,D2,0.653219559,0.567760834,0.570511710,D2,0.141024358
1035,1770939784.769721,D1,0.497125307,0.432301958,0.429524880,D2,0.140949314
1035,1770939784.769721,D2,0.652823930,0.567698042,0.570474194,D2,0.140949314
1036,1770939784.811064,D1,0.496596252,0.432220084,0.429560816,D2,0.140877455
1036,1770939784.811064,D2,0.652346778,0.567779916,0.570438271,D2,0.140877455
1037,1770939784.854679,D1,0.496300249,0.432267158,0.429596901,D2,0.140805298
1037,1770939784.854679,D2,0.651832892,0.567732842,0.570402198,D2,0.140805298
1038,1770939784.895961,D1,0.495825625,0.432200310,0.429631613,D2,0.140735885
1038,1770939784.895961,D2,0.651386938,0.567799690,0.570367498,D2,0.140735885
1039,1770939784.938149,D1,0.495623459,0.432241744,0.429666414,D2,0.140666294
1039,1770939784.938149,D2,0.651011418,0.567758256,0.570332708,D2,0.140666294
1040,1770939784.981381,D1,0.495273141,0.432248125,0.429700837,D2,0.140597460
1040,1770939784.981381,D2,0.650534354,0.567751875,0.570298297,D2,0.140597460
1041,1770939785.024970,D1,0.495056298,0.432312383,0.429735658,D2,0.140527830
1041,1770939785.024970,D2,0.650079298,0.567687617,0.570263488,D2,0.140527830
1042,1770939785.078217,D1,0.494835363,0.432376613,0.429770871,D2,0.140457416
1042,1770939785.078217,D2,0.649619144,0.567623387,0.570228287,D2,0.140457416
1043,1770939785.122871,D1,0.494449111,0.432276215,0.429804275,D2,0.140390618
1043,1770939785.122871,D2,0.649377671,0.567723785,0.570194893,D2,0.140390618
1044,1770939785.166337,D1,0.494175286,0.432338627,0.429838067,D2,0.140323047
1044,1770939785.166337,D2,0.648853013,0.567661373,0.570161113,D2,0.140323047
1045,1770939785.211218,D1,0.493918887,0.432440300,0.429872763,D2,0.140253665
1045,1770939785.211218,D2,0.648247759,0.567559700,0.570126428,D2,0.140253665
1046,1770939785.254855,D1,0.493830911,0.432659333,0.429909917,D2,0.140179367
1046,1770939785.254855,D2,0.647554176,0.567340667,0.570089284,D2,0.140179367
1047,1770939785.296665,D1,0.493332344,0.432555461,0.429945191,D2,0.140108830
1047,1770939785.296665,D2,0.647174222,0.567444539,0.570054021,D2,0.140108830
1048,1770939785.340404,D1,0.493047174,0.432676589,0.429981610,D2,0.140036003
1048,1770939785.340404,D2,0.646481024,0.567323411,0.570017613,D2,0.140036003
1049,1770939785.383513,D1,0.492655265,0.432542204,0.430015751,D2,0.139967731
1049,1770939785.383513,D2,0.646320910,0.567457796,0.569983482,D2,0.139967731
1050,1770939785.426597,D1,0.492481540,0.432630696,0.430050617,D2,0.139898009
1050,1770939785.426597,D2,0.645860111,0.567369304,0.569948626,D2,0.139898009
1051,1770939785.471749,D1,0.492092593,0.432605750,0.430084685,D2,0.139829882
1051,1770939785.471749,D2,0.645415618,0.567394250,0.569914568,D2,0.139829882
1052,1770939785.529571,D1,0.491761164,0.432632017,0.430118650,D2,0.139761963
1052,1770939785.529571,D2,0.644911908,0.567367983,0.569880613,D2,0.139761963
1053,1770939785.572746,D1,0.491410302,0.432679050,0.430152789,D2,0.139693696
1053,1770939785.572746,D2,0.644328305,0.567320950,0.569846485,D2,0.139693696
1054,1770939785.616983,D1,0.491157062,0.432672397,0.430186383,D2,0.139626516
1054,1770939785.616983,D2,0.644013718,0.567327603,0.569812899,D2,0.139626516
1055,1770939785.661264,D1,0.490926652,0.432701454,0.430219918,D2,0.139559457
1055,1770939785.661264,D2,0.643635405,0.567298546,0.569779375,D2,0.139559457
1056,1770939785.704138,D1,0.490642076,0.432712012,0.430253146,D2,0.139493011
1056,1770939785.704138,D2,0.643234641,0.567287988,0.569746156,D2,0.139493011
1057,1770939785.746418,D1,0.490256756,0.432602407,0.430284469,D2,0.139430373
1057,1770939785.746418,D2,0.643016540,0.567397593,0.569714842,D2,0.139430373
1058,1770939785.789026,D1,0.489938207,0.432597570,0.430315310,D2,0.139368699
1058,1770939785.789026,D2,0.642611397,0.567402430,0.569684010,D2,0.139368699
1059,1770939785.831845,D1,0.489548803,0.432613597,0.430345954,D2,0.139307421
1059,1770939785.831845,D2,0.642058723,0.567386403,0.569653375,D2,0.139307421
1060,1770939785.872928,D1,0.489359753,0.432750544,0.430378015,D2,0.139243307
1060,1770939785.872928,D2,0.641452812,0.567249456,0.569621323,D2,0.139243307
1061,1770939785.913002,D1,0.489214722,0.432858476,0.430411088,D2,0.139177171
1061,1770939785.913002,D2,0.640980824,0.567141524,0.569588259,D2,0.139177171
1062,1770939785.965286,D1,0.488895527,0.432859112,0.430443729,D2,0.139111899
1062,1770939785.965286,D2,0.640560947,0.567140888,0.569555627,D2,0.139111899
1063,1770939786.006156,D1,0.488491947,0.432818847,0.430475397,D2,0.139048571
1063,1770939786.006156,D2,0.640137155,0.567181153,0.569523968,D2,0.139048571
1064,1770939786.049290,D1,0.488329137,0.432898734,0.430507708,D2,0.138983957
1064,1770939786.049290,D2,0.639715596,0.567101266,0.569491665,D2,0.138983957
1065,1770939786.091688,D1,0.488035027,0.432944993,0.430540205,D2,0.138918971
1065,1770939786.091688,D2,0.639209854,0.567055007,0.569459176,D2,0.138918971
1066,1770939786.133045,D1,0.487770659,0.432978709,0.430572718,D2,0.138853952
1066,1770939786.133045,D2,0.638775863,0.567021291,0.569426671,D2,0.138853952
1067,1770939786.193693,D1,0.487454193,0.433028289,0.430605459,D2,0.138788479
1067,1770939786.193693,D2,0.638232524,0.566971711,0.569393938,D2,0.138788479
1068,1770939786.236071,D1,0.487324642,0.433150592,0.430639395,D2,0.138720617
1068,1770939786.236071,D2,0.637745139,0.566849408,0.569360011,D2,0.138720617
1069,1770939786.279425,D1,0.487068989,0.433211412,0.430673688,D2,0.138652037
1069,1770939786.279425,D2,0.637252706,0.566788588,0.569325725,D2,0.138652037
1070,1770939786.320490,D1,0.486918766,0.433230831,0.430707783,D2,0.138583855
1070,1770939786.320490,D2,0.637005781,0.566769169,0.569291638,D2,0.138583855
1071,1770939786.361428,D1,0.486703445,0.433228941,0.430741399,D2,0.138516632
1071,1770939786.361428,D2,0.636728992,0.566771059,0.569258030,D2,0.138516632
